timestamp,hvac,lighting,lobby,mechanical_room,kitchen
2024-01-01 00:00:00,10.5,1.2,0.83,9.99,3.01
2024-01-01 01:00:00,9.86,1.35,0.86,9.95,3.21
2024-01-01 02:00:00,10.65,1.05,1.32,10.61,2.61
2024-01-01 03:00:00,11.52,0.61,1.64,9.46,2.44
2024-01-01 04:00:00,9.77,1.12,0.68,9.62,3.04
2024-01-01 05:00:00,9.77,0.8,1.35,10.52,2.87
2024-01-01 06:00:00,11.58,0.84,1.34,9.7,3.25
2024-01-01 07:00:00,10.77,8.47,1.92,10.45,6.94
2024-01-01 08:00:00,19.3,8.99,3.81,10.85,7.16
2024-01-01 09:00:00,20.81,8.02,4.19,9.8,2.35
2024-01-01 10:00:00,19.3,8.25,4.07,10.34,3.76
2024-01-01 11:00:00,19.3,9.36,2.93,9.42,2.93
2024-01-01 12:00:00,20.36,8.19,4.38,10.38,7.56
2024-01-01 13:00:00,17.13,10.08,4.11,10.1,6.33
2024-01-01 14:00:00,17.41,8.45,4.25,10.24,3.12
2024-01-01 15:00:00,19.16,6.59,5.96,9.68,2.48
2024-01-01 16:00:00,18.48,8.6,2.96,9.17,3.18
2024-01-01 17:00:00,20.47,8.3,4.86,10.25,6.72
2024-01-01 18:00:00,18.64,9.03,3.86,8.97,7.02
2024-01-01 19:00:00,17.88,8.54,1.59,9.84,3.28
2024-01-01 20:00:00,22.2,7.89,1.49,10.47,2.51
2024-01-01 21:00:00,9.77,7.02,1.37,10.1,2.73
2024-01-01 22:00:00,10.07,7.83,1.33,10.97,3.18
2024-01-01 23:00:00,8.58,0.74,1.6,10.51,3.84
2024-01-02 00:00:00,9.46,0.83,1.04,9.67,2.94
2024-01-02 01:00:00,10.11,1.18,1.73,10.01,3.24
2024-01-02 02:00:00,8.85,1.5,1.38,9.98,2.96
2024-01-02 03:00:00,10.38,1.12,1.16,9.21,3.78
2024-01-02 04:00:00,9.4,0.64,1.36,9.53,2.3
2024-01-02 05:00:00,9.71,1.13,1.88,9.72,3.04
2024-01-02 06:00:00,9.4,1.36,1.34,8.98,2.35
2024-01-02 07:00:00,11.85,7.51,1.61,10.02,4.99
2024-01-02 08:00:00,19.98,7.89,3.63,9.88,7.24
2024-01-02 09:00:00,18.41,8.01,4.38,9.16,3.06
2024-01-02 10:00:00,21.23,7.37,4.34,10.2,2.89
2024-01-02 11:00:00,18.17,8.52,4.92,10.36,2.96
2024-01-02 12:00:00,20.31,7.9,3.91,10.11,9.48
2024-01-02 13:00:00,17.06,8.34,4.33,9.84,6.79
2024-01-02 14:00:00,18.01,7.29,4.05,10.3,3.2
2024-01-02 15:00:00,20.3,7.65,4.65,10.34,2.74
2024-01-02 16:00:00,21.11,8.58,3.64,10.15,3.12
2024-01-02 17:00:00,20.26,7.7,4.37,9.59,6.81
2024-01-02 18:00:00,19.83,9.38,3.9,10.14,6.67
2024-01-02 19:00:00,19.55,7.68,1.48,10.6,3.73
2024-01-02 20:00:00,17.78,8.18,1.53,9.7,3.47
2024-01-02 21:00:00,9.28,8.75,1.58,11.05,3.05
2024-01-02 22:00:00,9.54,6.87,1.47,9.74,2.08
2024-01-02 23:00:00,11.06,0.47,1.56,10.02,2.86
2024-01-03 00:00:00,10.34,0.54,1.97,9.66,4.08
2024-01-03 01:00:00,8.24,1.38,1.8,10.11,2.91
2024-01-03 02:00:00,10.32,0.83,1.76,9.13,3.44
2024-01-03 03:00:00,9.61,1.77,1.36,9.73,3.58
2024-01-03 04:00:00,9.32,0.83,1.23,9.45,3.09
2024-01-03 05:00:00,10.61,1.06,1.79,10.07,2.66
2024-01-03 06:00:00,11.03,1.46,1.76,10.5,2.03
2024-01-03 07:00:00,10.93,9.6,1.94,10.32,7.55
2024-01-03 08:00:00,18.74,9.65,3.7,8.81,6.35
2024-01-03 09:00:00,19.54,8.97,3.89,11.02,3.07
2024-01-03 10:00:00,20.5,8.82,3.18,10.15,2.5
2024-01-03 11:00:00,21.46,8.47,3.8,9.61,2.89
2024-01-03 12:00:00,19.28,8.62,4.5,10.08,7.03
2024-01-03 13:00:00,19.72,7.56,3.77,10.09,7.21
2024-01-03 14:00:00,18.34,7.35,4.32,9.67,2.55
2024-01-03 15:00:00,18.21,8.0,3.9,10.1,3.48
2024-01-03 16:00:00,21.22,7.86,4.16,9.7,2.76
2024-01-03 17:00:00,22.03,7.64,3.43,9.8,5.66
2024-01-03 18:00:00,19.89,8.56,4.04,9.66,6.91
2024-01-03 19:00:00,21.51,8.76,0.6,9.28,3.01
2024-01-03 20:00:00,20.54,8.07,1.44,10.07,3.06
2024-01-03 21:00:00,9.35,9.18,1.01,10.29,3.54
2024-01-03 22:00:00,10.36,7.09,1.86,10.26,2.91
2024-01-03 23:00:00,11.54,0.94,1.73,10.41,2.95
2024-01-04 00:00:00,9.96,0.78,1.64,10.16,2.56
2024-01-04 01:00:00,11.56,0.44,1.96,9.73,3.33
2024-01-04 02:00:00,7.38,0.98,1.22,10.42,3.07
2024-01-04 03:00:00,10.82,0.96,2.02,9.32,2.83
2024-01-04 04:00:00,10.09,1.45,1.78,9.55,2.24
2024-01-04 05:00:00,9.7,1.19,1.43,9.52,3.58
2024-01-04 06:00:00,10.09,0.69,1.84,10.54,2.51
2024-01-04 07:00:00,8.01,9.48,1.17,10.47,6.53
2024-01-04 08:00:00,19.67,8.98,3.59,10.24,7.29
2024-01-04 09:00:00,20.54,8.47,3.7,10.54,2.52
2024-01-04 10:00:00,22.22,7.82,3.74,9.56,2.4
2024-01-04 11:00:00,19.22,7.23,3.47,10.17,2.15
2024-01-04 12:00:00,18.79,7.7,4.61,9.94,7.58
2024-01-04 13:00:00,19.25,8.87,3.87,10.42,6.56
2024-01-04 14:00:00,21.37,9.51,4.18,9.94,4.17
2024-01-04 15:00:00,20.49,9.23,3.71,9.81,2.6
2024-01-04 16:00:00,19.21,7.61,3.09,10.27,2.63
2024-01-04 17:00:00,20.77,7.1,4.14,10.44,6.55
2024-01-04 18:00:00,20.15,8.11,3.04,9.67,7.19
2024-01-04 19:00:00,21.45,6.59,1.48,9.97,2.81
2024-01-04 20:00:00,18.95,8.26,1.09,9.47,3.24
2024-01-04 21:00:00,9.67,7.88,2.1,8.75,2.61
2024-01-04 22:00:00,9.61,7.63,1.77,10.1,2.45
2024-01-04 23:00:00,8.54,0.52,1.53,10.3,2.28
2024-01-05 00:00:00,10.3,1.15,1.88,10.13,2.11
2024-01-05 01:00:00,10.26,0.84,1.25,9.03,2.79
2024-01-05 02:00:00,10.01,0.65,1.66,9.82,2.88
2024-01-05 03:00:00,9.77,0.14,1.56,8.89,2.75
2024-01-05 04:00:00,8.58,0.99,1.58,10.68,3.5
2024-01-05 05:00:00,9.58,1.53,1.88,9.46,3.49
2024-01-05 06:00:00,9.66,1.5,1.72,10.63,2.87
2024-01-05 07:00:00,9.2,7.63,1.59,10.47,5.56
2024-01-05 08:00:00,19.76,7.52,3.17,9.55,6.55
2024-01-05 09:00:00,20.61,8.38,3.52,9.43,2.76
2024-01-05 10:00:00,22.83,7.2,3.94,10.18,2.74
2024-01-05 11:00:00,20.26,8.24,4.05,9.58,2.72
2024-01-05 12:00:00,20.39,8.61,3.43,10.05,6.48
2024-01-05 13:00:00,19.89,8.98,5.21,9.76,6.69
2024-01-05 14:00:00,17.12,7.92,4.76,9.11,2.75
2024-01-05 15:00:00,19.96,7.84,4.3,8.88,3.08
2024-01-05 16:00:00,20.09,7.3,4.04,10.11,3.14
2024-01-05 17:00:00,23.69,7.34,3.89,9.72,6.27
2024-01-05 18:00:00,19.71,7.82,3.52,9.72,8.02
2024-01-05 19:00:00,20.45,8.29,1.52,10.35,2.61
2024-01-05 20:00:00,19.95,8.73,1.58,10.59,2.35
2024-01-05 21:00:00,8.83,7.36,1.13,9.86,3.15
2024-01-05 22:00:00,11.14,9.19,1.6,9.83,2.67
2024-01-05 23:00:00,10.75,0.92,1.45,10.25,3.13
2024-01-06 00:00:00,10.79,0.99,0.93,9.32,2.04
2024-01-06 01:00:00,9.09,0.78,1.24,10.11,3.56
2024-01-06 02:00:00,11.4,0.27,1.38,10.28,3.27
2024-01-06 03:00:00,8.6,1.27,2.07,10.34,2.4
2024-01-06 04:00:00,10.59,1.22,1.67,9.03,2.41
2024-01-06 05:00:00,12.19,0.92,1.1,9.62,3.67
2024-01-06 06:00:00,9.01,1.02,1.65,9.56,2.71
2024-01-06 07:00:00,9.43,8.41,1.04,10.05,6.33
2024-01-06 08:00:00,20.15,6.75,4.54,10.24,5.19
2024-01-06 09:00:00,19.24,7.58,3.76,10.75,2.86
2024-01-06 10:00:00,17.67,8.64,3.95,9.75,2.91
2024-01-06 11:00:00,20.1,7.0,4.66,9.75,3.29
2024-01-06 12:00:00,18.41,8.23,3.36,10.57,5.88
2024-01-06 13:00:00,20.71,6.91,3.3,10.15,5.78
2024-01-06 14:00:00,18.62,8.37,3.71,10.63,3.18
2024-01-06 15:00:00,22.32,7.97,4.52,10.14,3.4
2024-01-06 16:00:00,18.83,6.71,3.24,9.42,2.37
2024-01-06 17:00:00,19.52,8.93,2.58,9.33,7.87
2024-01-06 18:00:00,21.22,7.41,3.77,9.22,7.03
2024-01-06 19:00:00,18.15,7.35,1.67,10.33,3.44
2024-01-06 20:00:00,20.34,8.16,1.86,10.59,2.97
2024-01-06 21:00:00,11.31,8.92,1.36,10.92,1.99
2024-01-06 22:00:00,8.39,7.19,1.38,10.42,2.94
2024-01-06 23:00:00,10.18,1.02,1.85,10.58,3.42
2024-01-07 00:00:00,10.26,1.13,0.94,9.71,2.64
2024-01-07 01:00:00,10.78,1.21,1.38,9.42,2.84
2024-01-07 02:00:00,8.76,1.05,1.56,10.43,2.93
2024-01-07 03:00:00,8.68,0.89,1.63,10.21,1.84
2024-01-07 04:00:00,10.52,0.75,1.35,10.05,3.67
2024-01-07 05:00:00,10.3,1.03,1.51,10.19,2.64
2024-01-07 06:00:00,10.25,0.68,0.75,10.16,3.2
2024-01-07 07:00:00,10.35,5.66,1.3,10.64,6.93
2024-01-07 08:00:00,18.98,8.35,4.23,10.65,8.01
2024-01-07 09:00:00,20.35,8.72,3.51,10.27,3.16
2024-01-07 10:00:00,20.44,6.11,4.03,10.42,2.91
2024-01-07 11:00:00,18.93,7.19,4.22,10.26,2.64
2024-01-07 12:00:00,22.8,8.5,3.83,9.77,7.64
2024-01-07 13:00:00,20.71,9.65,4.09,10.38,5.5
2024-01-07 14:00:00,18.21,8.02,3.52,9.3,3.26
2024-01-07 15:00:00,20.98,7.42,3.9,10.53,2.56
2024-01-07 16:00:00,18.54,7.85,4.31,9.4,3.5
2024-01-07 17:00:00,21.18,9.1,4.08,10.14,7.13
2024-01-07 18:00:00,21.74,7.48,3.71,9.58,7.52
2024-01-07 19:00:00,18.77,7.36,1.57,10.28,3.03
2024-01-07 20:00:00,21.45,7.61,1.71,9.98,2.3
2024-01-07 21:00:00,10.41,7.24,0.89,9.2,2.66
2024-01-07 22:00:00,10.82,8.1,1.85,10.21,3.27
2024-01-07 23:00:00,11.9,1.49,1.4,9.71,3.07
2024-01-08 00:00:00,9.75,1.1,1.63,10.44,3.47
2024-01-08 01:00:00,9.25,0.92,1.86,10.0,3.16
2024-01-08 02:00:00,9.11,0.91,1.09,10.2,2.61
2024-01-08 03:00:00,9.18,0.53,1.29,9.52,2.68
2024-01-08 04:00:00,9.92,1.26,1.41,9.71,3.04
2024-01-08 05:00:00,10.34,0.98,1.26,9.77,2.07
2024-01-08 06:00:00,10.28,0.95,2.02,10.43,3.67
2024-01-08 07:00:00,10.83,10.55,1.24,10.84,7.35
2024-01-08 08:00:00,20.02,8.24,3.72,9.6,7.98
2024-01-08 09:00:00,22.18,7.4,4.1,10.54,2.37
2024-01-08 10:00:00,19.6,7.66,3.4,8.92,3.5
2024-01-08 11:00:00,24.08,8.92,3.8,9.4,3.89
2024-01-08 12:00:00,20.94,8.09,4.16,9.52,5.94
2024-01-08 13:00:00,18.71,6.85,3.83,9.32,7.62
2024-01-08 14:00:00,18.39,8.74,3.95,9.21,3.0
2024-01-08 15:00:00,20.72,7.47,3.74,10.21,2.38
2024-01-08 16:00:00,19.66,9.5,3.24,9.89,3.2
2024-01-08 17:00:00,21.07,8.86,4.16,10.19,7.67
2024-01-08 18:00:00,20.71,7.64,4.88,10.35,6.52
2024-01-08 19:00:00,19.89,9.02,1.51,10.13,3.47
2024-01-08 20:00:00,18.73,8.05,1.57,10.33,2.33
2024-01-08 21:00:00,8.49,8.68,1.71,9.97,2.4
2024-01-08 22:00:00,9.55,8.39,1.12,9.41,3.05
2024-01-08 23:00:00,10.86,0.75,2.01,10.53,3.01
2024-01-09 00:00:00,10.21,0.81,1.56,9.71,2.71
2024-01-09 01:00:00,8.75,1.31,1.99,9.53,3.32
2024-01-09 02:00:00,10.17,0.9,1.28,9.91,3.21
2024-01-09 03:00:00,10.39,0.88,2.05,9.54,3.34
2024-01-09 04:00:00,9.12,0.71,1.73,9.79,2.95
2024-01-09 05:00:00,10.15,1.13,1.67,10.17,3.24
2024-01-09 06:00:00,10.06,1.62,1.57,10.17,2.82
2024-01-09 07:00:00,8.86,7.15,1.43,9.55,8.64
2024-01-09 08:00:00,20.54,8.02,4.6,9.76,6.35
2024-01-09 09:00:00,20.84,9.13,4.07,10.54,3.84
2024-01-09 10:00:00,21.62,7.94,3.02,10.25,3.01
2024-01-09 11:00:00,21.58,8.36,3.44,11.04,2.45
2024-01-09 12:00:00,17.93,7.15,3.91,10.59,8.09
2024-01-09 13:00:00,18.59,8.34,4.15,10.57,7.1
2024-01-09 14:00:00,20.77,7.85,3.97,9.31,3.34
2024-01-09 15:00:00,20.77,8.79,4.61,10.38,3.49
2024-01-09 16:00:00,20.77,8.95,3.02,9.97,3.14
2024-01-09 17:00:00,25.78,10.07,4.07,9.72,6.53
2024-01-09 18:00:00,20.86,8.46,3.09,10.08,7.78
2024-01-09 19:00:00,21.7,8.26,1.73,10.47,3.0
2024-01-09 20:00:00,21.43,8.16,1.47,10.25,3.27
2024-01-09 21:00:00,10.65,7.72,1.63,9.56,2.14
2024-01-09 22:00:00,9.68,8.27,1.24,10.37,3.18
2024-01-09 23:00:00,10.76,0.91,1.88,9.68,2.74
2024-01-10 00:00:00,9.23,1.05,1.81,10.11,3.66
2024-01-10 01:00:00,9.76,1.4,1.68,9.85,3.25
2024-01-10 02:00:00,9.51,0.7,1.46,9.89,3.1
2024-01-10 03:00:00,10.08,1.34,1.67,10.38,3.19
2024-01-10 04:00:00,12.31,1.4,1.29,9.48,2.6
2024-01-10 05:00:00,8.13,0.96,1.76,10.97,3.65
2024-01-10 06:00:00,10.69,0.36,1.99,9.09,3.8
2024-01-10 07:00:00,8.39,7.51,1.82,9.7,7.31
2024-01-10 08:00:00,19.29,9.04,3.64,10.19,8.27
2024-01-10 09:00:00,21.63,7.98,4.18,10.29,2.77
2024-01-10 10:00:00,20.1,7.2,3.35,9.95,2.68
2024-01-10 11:00:00,18.38,7.6,4.29,9.97,3.02
2024-01-10 12:00:00,18.93,8.67,4.23,10.21,7.35
2024-01-10 13:00:00,21.02,8.44,3.07,9.88,6.68
2024-01-10 14:00:00,18.9,7.81,3.42,10.7,3.22
2024-01-10 15:00:00,20.32,7.71,3.86,10.42,3.12
2024-01-10 16:00:00,20.07,7.69,3.85,10.44,2.6
2024-01-10 17:00:00,19.02,7.26,3.4,9.52,7.42
2024-01-10 18:00:00,23.22,9.29,4.19,9.96,7.69
2024-01-10 19:00:00,20.95,7.74,1.58,9.85,3.07
2024-01-10 20:00:00,16.96,8.97,1.44,9.5,3.46
2024-01-10 21:00:00,10.19,9.22,1.27,10.18,2.51
2024-01-10 22:00:00,9.34,8.8,1.81,9.73,3.19
2024-01-10 23:00:00,10.85,0.87,2.0,10.33,2.53
2024-01-11 00:00:00,9.21,1.12,1.35,9.46,2.55
2024-01-11 01:00:00,9.89,0.99,1.32,10.86,2.75
2024-01-11 02:00:00,10.5,0.73,1.65,9.55,2.62
2024-01-11 03:00:00,10.87,1.1,1.39,10.11,2.78
2024-01-11 04:00:00,8.8,0.65,1.46,10.4,2.91
2024-01-11 05:00:00,9.67,1.36,1.72,9.71,3.33
2024-01-11 06:00:00,9.53,0.86,0.93,10.43,2.87
2024-01-11 07:00:00,9.35,8.16,1.9,9.39,5.73
2024-01-11 08:00:00,22.65,8.23,4.04,10.73,7.91
2024-01-11 09:00:00,20.61,7.79,3.79,10.01,2.67
2024-01-11 10:00:00,18.11,8.47,3.96,9.7,2.98
2024-01-11 11:00:00,21.38,7.62,3.98,9.85,3.18
2024-01-11 12:00:00,23.18,8.7,3.13,10.4,7.16
2024-01-11 13:00:00,21.55,6.92,4.75,9.71,7.88
2024-01-11 14:00:00,17.72,8.1,4.02,9.63,3.19
2024-01-11 15:00:00,19.27,9.55,4.22,9.89,2.66
2024-01-11 16:00:00,21.9,7.2,4.48,9.41,3.87
2024-01-11 17:00:00,18.94,7.46,3.49,10.91,7.16
2024-01-11 18:00:00,20.67,8.41,4.24,9.72,6.88
2024-01-11 19:00:00,21.16,8.14,1.42,10.42,3.39
2024-01-11 20:00:00,18.61,8.28,1.75,10.1,3.1
2024-01-11 21:00:00,9.94,8.39,0.86,9.51,3.16
2024-01-11 22:00:00,6.76,8.51,1.47,10.0,4.0
2024-01-11 23:00:00,8.98,1.33,1.32,10.39,2.89
2024-01-12 00:00:00,9.75,1.12,1.63,9.91,2.87
2024-01-12 01:00:00,8.75,0.93,1.64,10.6,3.05
2024-01-12 02:00:00,11.63,1.2,1.29,10.51,3.43
2024-01-12 03:00:00,8.57,1.57,1.29,10.46,2.4
2024-01-12 04:00:00,9.56,0.96,1.47,9.77,2.21
2024-01-12 05:00:00,10.13,0.71,1.23,9.46,2.77
2024-01-12 06:00:00,11.44,1.33,1.75,9.69,2.35
2024-01-12 07:00:00,8.56,7.9,1.39,10.1,6.66
2024-01-12 08:00:00,21.74,6.26,2.55,10.27,7.4
2024-01-12 09:00:00,20.02,8.68,3.81,8.91,2.64
2024-01-12 10:00:00,18.53,7.57,3.48,10.0,2.43
2024-01-12 11:00:00,20.69,7.93,3.18,10.08,3.03
2024-01-12 12:00:00,20.3,8.27,3.38,9.86,7.69
2024-01-12 13:00:00,19.1,8.15,4.05,10.65,5.64
2024-01-12 14:00:00,20.1,8.57,4.66,10.21,3.33
2024-01-12 15:00:00,19.42,7.65,4.16,10.66,3.33
2024-01-12 16:00:00,20.17,8.41,3.7,9.89,3.38
2024-01-12 17:00:00,20.99,7.79,4.23,10.47,7.97
2024-01-12 18:00:00,22.38,8.59,3.77,10.82,8.76
2024-01-12 19:00:00,18.14,8.49,1.29,10.66,2.86
2024-01-12 20:00:00,23.2,7.25,1.15,9.45,3.04
2024-01-12 21:00:00,8.05,8.87,0.97,9.87,2.83
2024-01-12 22:00:00,9.85,7.57,1.38,9.83,3.0
2024-01-12 23:00:00,10.59,1.24,1.55,10.24,3.61
2024-01-13 00:00:00,10.28,1.11,1.47,10.34,2.46
2024-01-13 01:00:00,9.38,1.55,1.38,9.58,2.66
2024-01-13 02:00:00,9.79,0.93,1.22,10.03,3.55
2024-01-13 03:00:00,9.51,0.9,1.68,8.99,3.41
2024-01-13 04:00:00,9.41,0.99,1.1,10.72,2.85
2024-01-13 05:00:00,10.85,0.91,1.73,9.74,3.34
2024-01-13 06:00:00,10.36,1.24,1.2,10.03,3.14
2024-01-13 07:00:00,9.31,6.71,1.27,9.85,8.2
2024-01-13 08:00:00,21.35,7.16,3.27,10.57,7.06
2024-01-13 09:00:00,20.46,7.15,3.75,8.58,3.41
2024-01-13 10:00:00,21.22,8.76,4.49,9.99,4.06
2024-01-13 11:00:00,20.94,9.37,4.26,9.95,3.24
2024-01-13 12:00:00,18.76,7.92,4.49,9.77,7.04
2024-01-13 13:00:00,19.16,7.86,4.26,10.86,7.58
2024-01-13 14:00:00,21.12,8.06,3.45,9.56,2.85
2024-01-13 15:00:00,20.92,8.93,3.83,10.39,3.96
2024-01-13 16:00:00,19.97,7.26,3.61,10.18,3.07
2024-01-13 17:00:00,20.18,8.19,4.67,10.63,6.78
2024-01-13 18:00:00,21.92,8.78,3.4,9.67,6.33
2024-01-13 19:00:00,19.11,8.4,1.77,9.63,3.44
2024-01-13 20:00:00,20.82,8.15,1.77,10.55,3.35
2024-01-13 21:00:00,9.8,8.8,2.05,10.21,2.8
2024-01-13 22:00:00,9.78,5.84,1.38,9.23,3.23
2024-01-13 23:00:00,11.1,1.2,1.71,9.73,2.4
2024-01-14 00:00:00,10.83,0.8,2.18,10.19,3.07
2024-01-14 01:00:00,10.81,0.45,1.31,10.42,3.18
2024-01-14 02:00:00,11.31,1.15,1.04,9.66,3.68
2024-01-14 03:00:00,10.02,1.41,0.94,8.54,2.69
2024-01-14 04:00:00,10.68,0.96,1.71,10.26,2.49
2024-01-14 05:00:00,9.69,1.29,0.94,9.39,2.64
2024-01-14 06:00:00,10.32,1.48,1.39,8.99,2.47
2024-01-14 07:00:00,9.87,9.05,1.63,8.58,8.07
2024-01-14 08:00:00,20.15,9.31,4.09,10.41,8.24
2024-01-14 09:00:00,20.89,8.59,4.21,10.06,3.13
2024-01-14 10:00:00,18.77,8.06,4.11,9.89,3.49
2024-01-14 11:00:00,23.14,6.72,4.64,10.69,3.05
2024-01-14 12:00:00,18.49,7.8,3.52,10.32,6.92
2024-01-14 13:00:00,18.18,7.33,3.66,10.81,6.73
2024-01-14 14:00:00,21.74,9.74,3.61,9.3,2.88
2024-01-14 15:00:00,21.19,7.86,4.42,9.98,2.38
2024-01-14 16:00:00,20.94,8.1,4.45,9.19,3.11
2024-01-14 17:00:00,20.94,8.44,4.23,9.89,6.97
2024-01-14 18:00:00,19.98,8.03,4.59,9.88,7.6
2024-01-14 19:00:00,18.65,9.36,1.15,10.31,3.04
2024-01-14 20:00:00,20.11,7.5,2.0,10.02,2.93
2024-01-14 21:00:00,9.32,8.16,1.96,10.31,2.65
2024-01-14 22:00:00,10.98,7.41,1.72,10.35,3.03
2024-01-14 23:00:00,9.85,0.6,2.03,11.08,3.3
2024-01-15 00:00:00,9.17,0.82,1.0,9.84,2.54
2024-01-15 01:00:00,9.68,0.99,1.34,9.53,3.03
2024-01-15 02:00:00,10.41,0.87,1.28,10.12,3.09
2024-01-15 03:00:00,9.44,0.79,1.72,9.6,2.71
2024-01-15 04:00:00,9.18,0.58,1.18,10.74,2.76
2024-01-15 05:00:00,10.24,0.98,1.73,9.86,3.09
2024-01-15 06:00:00,10.24,0.55,1.91,9.72,2.55
2024-01-15 07:00:00,9.49,8.61,1.71,9.76,7.28
2024-01-15 08:00:00,19.29,8.07,4.14,10.36,6.28
2024-01-15 09:00:00,20.35,6.83,3.51,9.92,3.43
2024-01-15 10:00:00,17.83,7.75,3.58,9.68,3.94
2024-01-15 11:00:00,17.89,7.4,4.62,10.83,2.66
2024-01-15 12:00:00,18.92,8.26,4.39,9.57,7.43
2024-01-15 13:00:00,19.68,9.07,3.98,10.02,6.42
2024-01-15 14:00:00,20.47,6.5,3.79,10.33,3.42
2024-01-15 15:00:00,22.21,8.09,2.99,9.18,2.49
2024-01-15 16:00:00,21.29,7.87,3.46,10.24,3.19
2024-01-15 17:00:00,19.76,8.54,4.96,9.47,6.3
2024-01-15 18:00:00,19.97,8.17,3.36,10.41,6.83
2024-01-15 19:00:00,18.5,7.4,1.56,9.52,2.59
2024-01-15 20:00:00,19.97,7.74,1.8,10.35,3.33
2024-01-15 21:00:00,9.71,7.36,1.12,10.55,2.67
2024-01-15 22:00:00,10.32,8.86,1.56,10.43,3.22
2024-01-15 23:00:00,9.17,1.01,1.78,10.13,2.86
2024-01-16 00:00:00,10.52,1.57,1.5,9.88,2.95
2024-01-16 01:00:00,11.53,0.98,2.36,9.71,3.06
2024-01-16 02:00:00,9.89,0.79,1.0,10.74,2.7
2024-01-16 03:00:00,10.4,0.55,1.82,9.65,3.08
2024-01-16 04:00:00,10.69,0.46,1.45,9.48,3.61
2024-01-16 05:00:00,9.6,0.52,1.73,10.33,2.69
2024-01-16 06:00:00,10.22,1.08,1.63,9.6,3.47
2024-01-16 07:00:00,10.01,8.41,1.28,9.52,8.2
2024-01-16 08:00:00,20.15,6.74,4.11,9.28,6.35
2024-01-16 09:00:00,18.84,8.72,3.07,9.76,2.42
2024-01-16 10:00:00,20.04,7.61,4.3,9.96,3.12
2024-01-16 11:00:00,20.75,8.12,4.15,10.12,2.78
2024-01-16 12:00:00,22.18,9.29,4.32,10.48,8.49
2024-01-16 13:00:00,21.44,8.72,4.53,10.26,7.03
2024-01-16 14:00:00,23.23,7.79,4.18,9.9,2.68
2024-01-16 15:00:00,18.85,7.29,4.07,9.9,2.54
2024-01-16 16:00:00,21.31,6.28,3.56,10.26,3.44
2024-01-16 17:00:00,20.28,7.42,3.64,10.64,6.54
2024-01-16 18:00:00,23.28,7.83,4.59,10.06,7.04
2024-01-16 19:00:00,18.79,7.21,1.93,9.77,3.38
2024-01-16 20:00:00,18.74,7.89,1.43,9.5,2.81
2024-01-16 21:00:00,9.4,8.06,1.51,9.28,2.98
2024-01-16 22:00:00,7.88,7.82,1.23,10.33,2.99
2024-01-16 23:00:00,9.47,0.8,1.85,10.29,3.27
2024-01-17 00:00:00,9.24,1.05,1.7,10.29,3.24
2024-01-17 01:00:00,10.15,1.13,2.08,9.94,2.91
2024-01-17 02:00:00,10.34,0.67,1.24,10.7,3.03
2024-01-17 03:00:00,11.88,1.42,1.39,9.76,2.85
2024-01-17 04:00:00,10.95,0.97,1.57,10.48,2.41
2024-01-17 05:00:00,9.42,1.01,1.69,9.98,3.1
2024-01-17 06:00:00,9.1,1.21,1.44,9.7,3.76
2024-01-17 07:00:00,10.49,8.19,1.24,10.3,6.29
2024-01-17 08:00:00,18.02,8.76,4.44,10.2,6.38
2024-01-17 09:00:00,22.75,8.23,4.36,10.18,2.65
2024-01-17 10:00:00,21.77,7.51,3.54,10.04,3.29
2024-01-17 11:00:00,19.3,8.29,4.68,9.98,3.18
2024-01-17 12:00:00,17.43,7.09,4.59,11.19,6.87
2024-01-17 13:00:00,22.03,8.09,4.07,10.59,6.27
2024-01-17 14:00:00,19.83,7.97,4.04,10.36,3.04
2024-01-17 15:00:00,21.86,7.83,4.28,10.06,2.37
2024-01-17 16:00:00,17.61,7.9,3.57,10.5,3.06
2024-01-17 17:00:00,19.1,6.49,4.02,10.26,7.7
2024-01-17 18:00:00,20.01,7.56,2.92,10.01,6.0
2024-01-17 19:00:00,20.07,8.07,1.76,9.85,2.39
2024-01-17 20:00:00,19.32,8.13,1.03,9.96,3.63
2024-01-17 21:00:00,10.62,7.18,1.95,8.41,2.76
2024-01-17 22:00:00,8.93,9.01,1.4,10.11,3.45
2024-01-17 23:00:00,9.86,0.74,1.44,9.76,2.94
2024-01-18 00:00:00,10.12,1.29,1.31,10.8,2.94
2024-01-18 01:00:00,10.51,1.13,1.41,10.01,3.18
2024-01-18 02:00:00,10.71,0.81,1.93,9.41,2.65
2024-01-18 03:00:00,8.88,1.53,0.75,9.98,3.05
2024-01-18 04:00:00,8.47,0.64,1.88,9.48,2.85
2024-01-18 05:00:00,11.28,1.28,1.6,10.24,2.47
2024-01-18 06:00:00,10.33,1.3,1.14,10.15,3.13
2024-01-18 07:00:00,9.25,7.46,1.18,10.48,6.79
2024-01-18 08:00:00,22.33,9.11,4.84,9.6,6.87
2024-01-18 09:00:00,20.17,7.8,3.53,10.02,2.52
2024-01-18 10:00:00,21.77,8.23,3.42,9.32,3.64
2024-01-18 11:00:00,20.1,8.21,4.57,10.35,3.35
2024-01-18 12:00:00,23.09,7.89,4.17,10.26,7.77
2024-01-18 13:00:00,22.63,8.65,3.53,10.25,6.76
2024-01-18 14:00:00,19.63,8.63,4.11,10.0,2.31
2024-01-18 15:00:00,21.46,6.6,3.49,10.21,3.78
2024-01-18 16:00:00,20.97,9.04,4.55,10.8,2.98
2024-01-18 17:00:00,22.05,6.67,4.53,9.86,6.4
2024-01-18 18:00:00,18.55,8.83,4.27,10.07,7.33
2024-01-18 19:00:00,21.03,8.9,1.61,9.46,3.47
2024-01-18 20:00:00,21.59,7.13,2.03,9.57,2.99
2024-01-18 21:00:00,8.24,7.67,1.5,10.05,3.51
2024-01-18 22:00:00,8.82,7.12,1.15,10.55,3.43
2024-01-18 23:00:00,7.96,0.94,1.63,9.87,2.57
2024-01-19 00:00:00,9.73,0.91,2.13,9.88,2.73
2024-01-19 01:00:00,10.72,1.23,1.2,9.8,3.38
2024-01-19 02:00:00,11.5,1.39,1.39,9.73,1.91
2024-01-19 03:00:00,10.07,1.42,1.62,10.15,2.94
2024-01-19 04:00:00,11.63,0.83,1.48,9.25,2.43
2024-01-19 05:00:00,8.62,0.94,1.21,10.64,2.81
2024-01-19 06:00:00,8.3,0.49,1.84,9.67,2.88
2024-01-19 07:00:00,9.94,7.36,2.2,10.36,6.71
2024-01-19 08:00:00,20.58,8.77,4.1,9.37,6.56
2024-01-19 09:00:00,19.95,9.29,3.55,10.33,2.56
2024-01-19 10:00:00,16.9,7.01,3.23,10.34,3.92
2024-01-19 11:00:00,19.87,7.53,4.13,10.19,3.75
2024-01-19 12:00:00,18.04,7.98,4.55,9.5,6.07
2024-01-19 13:00:00,21.0,8.22,4.24,10.12,8.27
2024-01-19 14:00:00,20.55,7.35,4.0,9.41,2.84
2024-01-19 15:00:00,18.59,8.34,3.71,9.87,3.05
2024-01-19 16:00:00,19.23,7.62,3.45,10.51,2.97
2024-01-19 17:00:00,18.41,7.99,4.42,10.4,6.47
2024-01-19 18:00:00,19.91,8.44,4.46,10.01,7.79
2024-01-19 19:00:00,21.43,8.01,1.04,9.51,3.05
2024-01-19 20:00:00,18.52,7.65,1.98,10.32,2.81
2024-01-19 21:00:00,10.5,7.91,1.67,10.01,2.48
2024-01-19 22:00:00,9.47,7.93,1.92,8.84,2.64
2024-01-19 23:00:00,9.21,0.89,1.1,10.39,2.34
2024-01-20 00:00:00,9.89,0.92,1.09,9.99,3.0
2024-01-20 01:00:00,8.96,1.48,1.46,10.6,2.52
2024-01-20 02:00:00,9.45,1.17,1.65,9.45,2.89
2024-01-20 03:00:00,8.8,0.91,2.04,8.41,3.55
2024-01-20 04:00:00,11.96,1.21,1.71,10.14,3.48
2024-01-20 05:00:00,10.04,0.9,1.43,10.15,2.99
2024-01-20 06:00:00,9.3,1.35,1.19,9.15,2.97
2024-01-20 07:00:00,10.21,8.3,1.87,9.51,8.5
2024-01-20 08:00:00,19.83,7.91,3.52,11.38,7.42
2024-01-20 09:00:00,19.67,8.36,4.81,9.85,2.87
2024-01-20 10:00:00,20.92,6.74,3.86,10.37,2.43
2024-01-20 11:00:00,21.14,7.1,4.8,9.67,3.16
2024-01-20 12:00:00,19.2,7.04,4.34,8.95,7.66
2024-01-20 13:00:00,19.14,8.11,3.93,9.91,6.49
2024-01-20 14:00:00,19.59,9.39,3.74,9.87,3.12
2024-01-20 15:00:00,16.55,9.79,3.83,9.8,2.85
2024-01-20 16:00:00,17.73,8.51,4.21,9.94,2.93
2024-01-20 17:00:00,22.05,8.4,4.04,10.13,5.01
2024-01-20 18:00:00,22.47,6.56,3.7,9.92,6.82
2024-01-20 19:00:00,19.63,7.57,1.45,9.37,3.39
2024-01-20 20:00:00,20.86,7.37,1.52,10.24,2.75
2024-01-20 21:00:00,10.31,7.5,0.86,9.03,3.02
2024-01-20 22:00:00,13.08,7.87,1.64,8.97,2.7
2024-01-20 23:00:00,11.12,0.86,1.21,10.37,3.14
2024-01-21 00:00:00,26.13,0.41,1.15,10.25,2.91
2024-01-21 01:00:00,26.75,1.22,0.99,9.97,2.62
2024-01-21 02:00:00,21.86,0.68,0.96,9.3,3.53
2024-01-21 03:00:00,26.68,1.07,1.09,9.65,3.37
2024-01-21 04:00:00,24.37,1.62,1.29,9.87,2.76
2024-01-21 05:00:00,22.19,0.72,2.09,9.2,3.2
2024-01-21 06:00:00,26.01,0.24,1.34,9.63,3.21
2024-01-21 07:00:00,24.23,7.77,1.55,10.33,7.51
2024-01-21 08:00:00,38.5,8.88,4.2,10.71,5.64
2024-01-21 09:00:00,35.26,9.57,4.07,9.79,3.4
2024-01-21 10:00:00,34.88,7.02,3.96,10.38,2.77
2024-01-21 11:00:00,37.92,8.4,3.4,9.04,2.86
2024-01-21 12:00:00,34.55,7.63,4.73,10.33,9.11
2024-01-21 13:00:00,31.9,7.92,4.9,9.6,7.24
2024-01-21 14:00:00,40.05,10.12,3.16,10.15,2.85
2024-01-21 15:00:00,35.88,6.8,3.49,9.88,2.12
2024-01-21 16:00:00,34.85,8.2,3.86,10.66,3.56
2024-01-21 17:00:00,34.18,8.37,3.52,9.56,5.92
2024-01-21 18:00:00,32.82,8.87,4.25,10.31,6.2
2024-01-21 19:00:00,32.37,8.08,1.28,9.86,2.87
2024-01-21 20:00:00,35.84,8.25,2.15,9.92,3.57
2024-01-21 21:00:00,27.17,7.69,1.86,9.91,3.31
2024-01-21 22:00:00,23.86,8.22,1.56,9.58,2.94
2024-01-21 23:00:00,25.55,0.9,1.81,9.99,3.12
2024-01-22 00:00:00,22.16,1.19,1.83,9.97,2.76
2024-01-22 01:00:00,24.49,0.89,1.33,10.12,3.06
2024-01-22 02:00:00,22.42,1.11,1.26,10.04,3.03
2024-01-22 03:00:00,21.89,0.99,1.52,10.4,3.39
2024-01-22 04:00:00,27.64,1.34,1.76,10.46,3.39
2024-01-22 05:00:00,24.8,0.98,1.54,9.47,3.2
2024-01-22 06:00:00,26.23,0.47,1.03,10.43,2.86
2024-01-22 07:00:00,24.36,9.01,1.26,9.41,7.59
2024-01-22 08:00:00,37.1,7.28,3.96,10.29,6.93
2024-01-22 09:00:00,34.47,7.48,3.96,10.31,2.57
2024-01-22 10:00:00,35.75,7.52,4.99,9.04,2.84
2024-01-22 11:00:00,35.34,9.1,3.31,10.05,3.03
2024-01-22 12:00:00,38.51,6.29,4.25,9.77,7.73
2024-01-22 13:00:00,35.46,10.51,4.74,9.62,6.85
2024-01-22 14:00:00,37.27,8.84,5.14,10.68,2.52
2024-01-22 15:00:00,34.16,8.18,3.8,9.67,3.02
2024-01-22 16:00:00,31.12,7.96,4.25,9.6,3.05
2024-01-22 17:00:00,34.53,8.23,4.28,10.04,7.15
2024-01-22 18:00:00,32.63,8.42,4.1,10.34,7.74
2024-01-22 19:00:00,37.99,8.52,1.47,9.93,3.41
2024-01-22 20:00:00,31.05,8.44,1.63,10.58,2.76
2024-01-22 21:00:00,20.65,8.07,0.74,10.27,2.75
2024-01-22 22:00:00,22.02,7.84,1.7,8.91,2.58
2024-01-22 23:00:00,23.25,0.95,1.54,9.74,3.28
2024-01-23 00:00:00,23.65,0.94,1.43,9.72,3.58
2024-01-23 01:00:00,25.88,1.34,2.11,10.24,2.87
2024-01-23 02:00:00,26.02,1.18,1.3,8.69,2.9
2024-01-23 03:00:00,20.37,0.12,1.38,11.27,3.59
2024-01-23 04:00:00,24.51,1.2,2.1,10.27,3.2
2024-01-23 05:00:00,23.24,1.06,1.25,10.07,3.17
2024-01-23 06:00:00,22.03,0.99,1.33,10.59,2.52
2024-01-23 07:00:00,26.1,7.69,1.46,11.17,7.54
2024-01-23 08:00:00,34.92,8.9,4.42,10.44,6.26
2024-01-23 09:00:00,35.75,8.76,4.1,10.47,2.55
2024-01-23 10:00:00,37.88,7.38,3.35,10.07,2.86
2024-01-23 11:00:00,31.13,8.33,3.73,9.93,2.77
2024-01-23 12:00:00,38.98,7.22,3.7,9.76,6.82
2024-01-23 13:00:00,35.19,6.9,3.96,9.59,5.85
2024-01-23 14:00:00,38.22,7.5,4.21,9.66,3.38
2024-01-23 15:00:00,34.26,8.69,4.21,9.32,3.45
2024-01-23 16:00:00,33.9,8.76,3.11,9.96,2.22
2024-01-23 17:00:00,35.66,8.41,4.53,9.16,7.78
2024-01-23 18:00:00,37.89,8.58,4.13,10.1,6.35
2024-01-23 19:00:00,32.26,8.41,1.92,9.98,3.34
2024-01-23 20:00:00,36.99,7.49,1.63,10.07,2.97
2024-01-23 21:00:00,27.16,8.35,1.83,9.74,3.01
2024-01-23 22:00:00,26.16,8.64,1.64,11.54,2.93
2024-01-23 23:00:00,25.27,1.23,1.9,10.68,3.48
2024-01-24 00:00:00,11.17,1.36,1.66,9.38,2.5
2024-01-24 01:00:00,10.25,1.21,1.47,10.12,3.24
2024-01-24 02:00:00,10.34,1.11,2.18,9.7,3.44
2024-01-24 03:00:00,9.59,1.32,1.77,9.49,3.29
2024-01-24 04:00:00,9.51,0.99,1.67,9.33,3.93
2024-01-24 05:00:00,9.57,0.74,1.12,10.22,2.79
2024-01-24 06:00:00,10.39,0.95,1.11,9.66,3.38
2024-01-24 07:00:00,9.58,7.4,1.59,10.48,6.92
2024-01-24 08:00:00,20.43,7.46,4.07,10.5,7.99
2024-01-24 09:00:00,23.11,7.88,3.69,10.69,3.0
2024-01-24 10:00:00,21.31,7.37,4.07,9.57,2.84
2024-01-24 11:00:00,19.51,7.75,4.79,10.24,3.52
2024-01-24 12:00:00,21.8,6.49,4.35,10.32,6.61
2024-01-24 13:00:00,19.39,8.17,3.43,9.76,5.87
2024-01-24 14:00:00,16.94,8.0,3.94,9.61,2.79
2024-01-24 15:00:00,18.49,7.35,3.6,10.8,3.25
2024-01-24 16:00:00,17.19,8.53,3.81,10.11,3.56
2024-01-24 17:00:00,19.47,8.75,3.79,10.32,7.09
2024-01-24 18:00:00,20.03,6.71,3.76,9.59,8.05
2024-01-24 19:00:00,22.51,7.39,1.12,9.39,2.46
2024-01-24 20:00:00,20.49,7.38,1.46,9.72,2.82
2024-01-24 21:00:00,9.78,7.25,1.33,9.94,2.88
2024-01-24 22:00:00,10.83,8.66,0.62,9.47,2.95
2024-01-24 23:00:00,7.79,0.94,2.12,10.0,3.03
2024-01-25 00:00:00,10.24,0.92,1.83,9.16,3.28
2024-01-25 01:00:00,10.77,0.4,1.39,9.44,2.82
2024-01-25 02:00:00,8.52,1.19,1.51,10.34,3.06
2024-01-25 03:00:00,11.14,0.63,1.15,10.3,2.98
2024-01-25 04:00:00,10.34,1.02,2.01,9.8,2.63
2024-01-25 05:00:00,9.58,1.08,2.07,9.49,2.95
2024-01-25 06:00:00,10.63,1.41,1.55,9.49,2.94
2024-01-25 07:00:00,12.27,6.95,1.81,9.81,6.87
2024-01-25 08:00:00,20.27,5.58,4.09,10.32,7.03
2024-01-25 09:00:00,20.37,8.15,3.33,10.46,3.03
2024-01-25 10:00:00,19.31,9.44,3.79,9.75,2.83
2024-01-25 11:00:00,18.73,8.99,4.07,9.42,3.51
2024-01-25 12:00:00,21.25,8.17,3.77,10.13,6.06
2024-01-25 13:00:00,18.72,7.61,3.89,9.59,6.42
2024-01-25 14:00:00,20.11,8.65,3.95,9.74,4.11
2024-01-25 15:00:00,19.28,7.22,3.96,10.66,2.58
2024-01-25 16:00:00,20.72,8.38,4.03,10.41,2.46
2024-01-25 17:00:00,20.5,8.4,3.47,10.08,7.59
2024-01-25 18:00:00,21.56,8.85,3.64,9.36,5.34
2024-01-25 19:00:00,19.23,10.21,1.11,10.11,2.91
2024-01-25 20:00:00,19.6,8.31,1.79,10.53,3.86
2024-01-25 21:00:00,9.02,7.59,0.87,9.81,2.38
2024-01-25 22:00:00,9.56,7.98,1.85,10.68,2.21
2024-01-25 23:00:00,10.38,0.47,1.92,10.65,2.4
2024-01-26 00:00:00,10.76,0.79,1.41,10.83,3.36
2024-01-26 01:00:00,9.08,0.88,0.72,10.15,3.45
2024-01-26 02:00:00,10.87,0.84,1.39,10.29,2.79
2024-01-26 03:00:00,11.36,1.05,1.48,10.71,3.27
2024-01-26 04:00:00,10.41,0.75,1.2,10.22,3.56
2024-01-26 05:00:00,11.88,1.34,1.35,9.75,3.71
2024-01-26 06:00:00,9.23,1.0,1.96,9.78,2.9
2024-01-26 07:00:00,8.76,7.99,1.7,10.12,5.16
2024-01-26 08:00:00,17.33,7.74,3.54,9.35,6.34
2024-01-26 09:00:00,22.24,8.12,3.2,9.93,2.83
2024-01-26 10:00:00,20.98,8.66,3.84,10.55,2.9
2024-01-26 11:00:00,19.92,7.31,3.89,8.9,2.92
2024-01-26 12:00:00,20.42,7.47,4.25,10.77,7.9
2024-01-26 13:00:00,18.31,7.76,3.73,10.56,8.02
2024-01-26 14:00:00,23.67,6.92,4.26,9.77,2.93
2024-01-26 15:00:00,20.19,7.34,4.97,10.27,3.44
2024-01-26 16:00:00,20.16,7.62,4.41,10.0,3.14
2024-01-26 17:00:00,21.09,8.7,3.98,10.61,7.05
2024-01-26 18:00:00,20.72,8.21,3.91,10.49,7.73
2024-01-26 19:00:00,20.34,8.15,1.39,9.3,3.03
2024-01-26 20:00:00,18.81,8.68,1.85,10.29,3.82
2024-01-26 21:00:00,10.47,7.89,1.31,9.9,2.42
2024-01-26 22:00:00,11.88,8.31,1.51,10.04,2.79
2024-01-26 23:00:00,11.35,0.97,1.52,9.64,2.95
2024-01-27 00:00:00,11.59,1.08,1.35,10.87,3.18
2024-01-27 01:00:00,9.49,0.83,1.09,10.52,3.51
2024-01-27 02:00:00,9.01,0.27,1.6,9.63,2.99
2024-01-27 03:00:00,9.87,0.96,1.48,9.33,2.43
2024-01-27 04:00:00,10.06,1.43,1.65,9.81,3.34
2024-01-27 05:00:00,11.09,1.28,1.34,10.22,3.3
2024-01-27 06:00:00,8.31,1.29,1.87,10.12,2.22
2024-01-27 07:00:00,11.53,8.99,1.24,10.63,7.0
2024-01-27 08:00:00,19.76,8.07,4.86,10.39,5.73
2024-01-27 09:00:00,19.36,8.16,3.13,10.48,2.73
2024-01-27 10:00:00,18.48,7.51,4.22,10.16,2.64
2024-01-27 11:00:00,17.52,7.75,4.24,9.31,3.32
2024-01-27 12:00:00,21.23,8.49,3.6,9.9,7.09
2024-01-27 13:00:00,20.11,8.96,4.21,10.53,5.97
2024-01-27 14:00:00,18.07,7.89,4.64,9.97,3.35
2024-01-27 15:00:00,18.06,7.64,2.89,10.25,2.43
2024-01-27 16:00:00,19.5,8.0,4.25,9.84,3.13
2024-01-27 17:00:00,22.5,8.48,2.75,9.49,6.35
2024-01-27 18:00:00,19.61,6.84,3.52,9.94,6.71
2024-01-27 19:00:00,17.75,6.16,1.99,10.15,3.2
2024-01-27 20:00:00,19.63,7.56,1.33,9.67,3.21
2024-01-27 21:00:00,9.73,7.02,1.15,9.88,3.53
2024-01-27 22:00:00,7.3,7.59,1.44,9.53,2.97
2024-01-27 23:00:00,9.95,0.96,2.12,10.56,3.12
2024-01-28 00:00:00,9.77,0.86,0.95,9.85,2.82
2024-01-28 01:00:00,10.7,1.44,1.18,10.73,3.07
2024-01-28 02:00:00,11.85,1.1,1.95,10.76,3.18
2024-01-28 03:00:00,11.13,1.09,2.06,9.96,2.96
2024-01-28 04:00:00,9.73,1.19,1.47,9.5,2.28
2024-01-28 05:00:00,8.89,0.66,1.13,8.96,3.13
2024-01-28 06:00:00,12.57,1.31,2.13,9.26,3.15
2024-01-28 07:00:00,10.06,7.94,1.98,9.31,6.46
2024-01-28 08:00:00,20.02,8.54,4.34,10.69,5.97
2024-01-28 09:00:00,19.96,7.14,3.59,10.06,3.59
2024-01-28 10:00:00,20.3,6.76,3.98,10.19,3.2
2024-01-28 11:00:00,19.78,8.65,3.92,8.89,2.91
2024-01-28 12:00:00,19.14,8.3,4.17,9.4,6.09
2024-01-28 13:00:00,19.18,7.28,4.73,10.44,6.34
2024-01-28 14:00:00,19.95,7.3,4.44,10.14,3.52
2024-01-28 15:00:00,19.18,8.9,3.46,9.93,3.06
2024-01-28 16:00:00,18.93,7.05,4.69,10.28,2.78
2024-01-28 17:00:00,20.16,9.31,4.16,10.82,7.41
2024-01-28 18:00:00,19.62,7.28,4.34,9.89,6.35
2024-01-28 19:00:00,22.26,8.51,1.94,10.03,3.6
2024-01-28 20:00:00,16.02,7.74,1.17,10.1,3.54
2024-01-28 21:00:00,11.09,8.48,1.49,11.2,2.81
2024-01-28 22:00:00,11.25,7.56,1.34,8.95,2.75
2024-01-28 23:00:00,7.93,0.95,1.03,10.34,1.95
2024-01-29 00:00:00,9.66,1.01,1.6,9.94,2.41
2024-01-29 01:00:00,9.63,0.7,2.25,10.28,2.46
2024-01-29 02:00:00,8.59,1.22,0.95,9.67,3.05
2024-01-29 03:00:00,9.22,0.85,1.49,9.98,2.87
2024-01-29 04:00:00,8.89,0.93,1.69,10.36,2.46
2024-01-29 05:00:00,11.75,0.7,1.54,11.56,2.89
2024-01-29 06:00:00,10.94,0.23,1.47,10.4,3.2
2024-01-29 07:00:00,11.27,7.85,1.11,9.58,7.42
2024-01-29 08:00:00,21.08,9.93,4.12,9.79,5.48
2024-01-29 09:00:00,18.31,8.63,3.62,9.77,2.95
2024-01-29 10:00:00,19.21,7.98,2.91,9.1,2.45
2024-01-29 11:00:00,20.73,7.79,4.6,9.83,3.36
2024-01-29 12:00:00,18.17,8.02,4.48,10.37,7.63
2024-01-29 13:00:00,21.07,8.44,4.03,9.36,6.28
2024-01-29 14:00:00,19.64,7.06,4.11,10.52,2.69
2024-01-29 15:00:00,19.44,8.89,4.54,10.24,2.82
2024-01-29 16:00:00,21.07,8.57,4.11,9.63,2.1
2024-01-29 17:00:00,20.67,8.57,4.45,9.93,7.27
2024-01-29 18:00:00,19.46,8.35,3.85,10.8,6.78
2024-01-29 19:00:00,21.74,8.02,1.89,10.37,3.39
2024-01-29 20:00:00,18.38,8.54,1.6,10.0,2.56
2024-01-29 21:00:00,10.62,8.47,1.56,9.88,2.75
2024-01-29 22:00:00,10.59,7.72,1.12,10.04,2.4
2024-01-29 23:00:00,9.69,0.83,1.59,9.74,2.6
2024-01-30 00:00:00,10.33,1.03,1.25,8.95,2.53
2024-01-30 01:00:00,8.75,1.46,1.31,11.02,3.4
2024-01-30 02:00:00,10.92,0.63,1.26,10.08,2.72
2024-01-30 03:00:00,9.82,0.56,1.18,10.2,3.05
2024-01-30 04:00:00,9.48,1.05,2.14,9.97,2.85
2024-01-30 05:00:00,11.05,1.02,1.9,9.63,2.49
2024-01-30 06:00:00,9.3,1.05,2.08,9.91,2.93
2024-01-30 07:00:00,8.59,8.2,1.13,9.2,7.48
2024-01-30 08:00:00,17.67,7.82,4.04,11.14,6.03
2024-01-30 09:00:00,20.91,9.19,3.35,9.38,3.32
2024-01-30 10:00:00,18.08,6.72,3.65,9.48,2.66
2024-01-30 11:00:00,22.63,7.34,3.54,9.78,2.81
2024-01-30 12:00:00,16.88,7.92,4.62,10.64,7.42
2024-01-30 13:00:00,22.54,6.69,3.8,10.01,6.47
2024-01-30 14:00:00,20.32,7.86,4.53,9.38,3.02
2024-01-30 15:00:00,19.85,9.33,4.3,10.63,2.87
2024-01-30 16:00:00,19.18,8.02,5.15,10.37,3.05
2024-01-30 17:00:00,20.6,8.18,3.26,10.27,5.1
2024-01-30 18:00:00,19.94,6.99,4.63,10.36,5.54
2024-01-30 19:00:00,21.65,7.51,1.84,11.2,3.25
2024-01-30 20:00:00,20.17,7.7,1.21,11.09,3.41
2024-01-30 21:00:00,10.15,7.75,1.8,9.66,2.64
2024-01-30 22:00:00,9.64,9.03,1.6,10.81,2.9
2024-01-30 23:00:00,9.94,1.17,1.43,10.19,3.12
2024-01-31 00:00:00,10.31,0.67,1.25,10.25,3.28
2024-01-31 01:00:00,8.29,1.07,1.28,9.15,2.19
2024-01-31 02:00:00,8.65,1.15,2.11,9.91,2.65
2024-01-31 03:00:00,10.74,1.34,1.5,9.59,2.87
2024-01-31 04:00:00,10.17,1.47,1.73,10.41,3.28
2024-01-31 05:00:00,9.82,0.7,1.26,10.54,4.0
2024-01-31 06:00:00,10.02,0.76,1.27,8.96,2.91
2024-01-31 07:00:00,10.35,6.99,1.82,9.99,5.87
2024-01-31 08:00:00,19.19,7.81,3.33,10.56,7.32
2024-01-31 09:00:00,18.83,8.37,3.79,9.91,3.53
2024-01-31 10:00:00,20.29,8.79,4.02,10.36,3.04
2024-01-31 11:00:00,18.53,7.94,4.06,10.18,2.64
2024-01-31 12:00:00,20.61,7.74,3.91,10.17,7.77
2024-01-31 13:00:00,17.45,8.12,4.2,9.86,7.53
2024-01-31 14:00:00,21.54,7.33,4.35,9.39,2.59
2024-01-31 15:00:00,20.71,9.67,4.37,9.44,3.15
2024-01-31 16:00:00,20.38,6.71,3.51,10.35,3.4
2024-01-31 17:00:00,21.47,8.15,3.86,10.01,7.95
2024-01-31 18:00:00,22.5,9.62,4.6,9.93,6.95
2024-01-31 19:00:00,21.52,8.01,1.77,9.79,2.86
2024-01-31 20:00:00,17.24,7.85,1.09,9.85,3.49
2024-01-31 21:00:00,8.72,7.71,1.61,10.52,2.52
2024-01-31 22:00:00,9.38,7.86,0.91,9.83,3.18
2024-01-31 23:00:00,10.03,1.41,1.51,9.33,2.45
2024-02-01 00:00:00,10.52,0.34,2.07,10.37,3.43
2024-02-01 01:00:00,9.27,1.46,1.22,9.9,2.9
2024-02-01 02:00:00,10.19,0.57,1.25,10.02,3.51
2024-02-01 03:00:00,9.24,0.92,1.73,10.8,3.2
2024-02-01 04:00:00,9.39,0.87,1.04,9.99,2.51
2024-02-01 05:00:00,8.59,1.18,1.31,10.14,3.57
2024-02-01 06:00:00,9.08,0.52,1.68,9.41,3.62
2024-02-01 07:00:00,8.65,8.37,1.31,9.89,7.71
2024-02-01 08:00:00,18.54,9.62,3.88,10.3,6.39
2024-02-01 09:00:00,21.58,6.91,4.37,9.22,2.88
2024-02-01 10:00:00,18.58,8.15,4.21,10.1,3.06
2024-02-01 11:00:00,23.95,7.47,4.13,10.05,2.72
2024-02-01 12:00:00,20.74,8.34,3.83,10.02,8.35
2024-02-01 13:00:00,20.28,8.02,4.19,10.52,7.12
2024-02-01 14:00:00,18.71,7.49,3.94,10.17,1.92
2024-02-01 15:00:00,21.05,8.39,4.23,10.74,3.14
2024-02-01 16:00:00,19.14,9.44,3.75,9.5,2.86
2024-02-01 17:00:00,20.18,7.85,3.91,10.07,6.94
2024-02-01 18:00:00,23.84,8.58,3.51,10.04,6.71
2024-02-01 19:00:00,19.86,6.97,1.49,9.47,3.32
2024-02-01 20:00:00,21.72,7.23,1.26,10.48,3.45
2024-02-01 21:00:00,9.3,8.38,1.17,11.16,3.11
2024-02-01 22:00:00,9.97,9.19,1.58,9.99,2.86
2024-02-01 23:00:00,11.77,1.11,1.56,10.25,2.98
2024-02-02 00:00:00,9.37,0.91,1.73,10.04,3.01
2024-02-02 01:00:00,11.81,1.0,1.37,9.64,2.68
2024-02-02 02:00:00,10.71,0.62,1.62,9.09,3.23
2024-02-02 03:00:00,9.44,1.18,1.67,9.65,3.18
2024-02-02 04:00:00,10.63,1.26,1.63,9.3,3.62
2024-02-02 05:00:00,10.97,0.86,1.25,10.85,3.5
2024-02-02 06:00:00,10.62,0.86,1.54,9.94,2.73
2024-02-02 07:00:00,8.43,8.21,1.61,9.83,7.66
2024-02-02 08:00:00,18.91,7.65,4.0,10.44,6.24
2024-02-02 09:00:00,19.63,7.95,2.96,9.44,3.28
2024-02-02 10:00:00,19.89,9.68,4.08,9.62,2.79
2024-02-02 11:00:00,20.93,7.8,5.11,10.03,2.59
2024-02-02 12:00:00,20.27,7.71,3.82,10.51,7.22
2024-02-02 13:00:00,18.0,7.48,3.64,10.25,4.86
2024-02-02 14:00:00,20.57,8.6,4.19,10.12,2.3
2024-02-02 15:00:00,20.92,7.86,4.16,10.04,2.93
2024-02-02 16:00:00,20.84,7.48,4.6,10.2,3.03
2024-02-02 17:00:00,21.62,9.06,3.37,10.1,6.7
2024-02-02 18:00:00,21.25,9.14,4.37,9.49,5.74
2024-02-02 19:00:00,20.69,7.52,1.68,10.02,2.67
2024-02-02 20:00:00,19.89,6.51,1.46,9.46,3.16
2024-02-02 21:00:00,8.34,8.81,1.6,10.04,3.23
2024-02-02 22:00:00,10.43,7.45,1.81,9.76,2.99
2024-02-02 23:00:00,10.21,1.24,1.76,11.27,3.46
2024-02-03 00:00:00,10.27,0.41,1.16,9.98,3.16
2024-02-03 01:00:00,8.72,1.27,1.75,9.3,2.7
2024-02-03 02:00:00,8.92,0.64,1.48,9.93,2.89
2024-02-03 03:00:00,11.05,1.22,1.52,10.26,2.44
2024-02-03 04:00:00,9.96,1.0,1.52,10.84,2.96
2024-02-03 05:00:00,10.68,0.71,1.45,9.71,3.44
2024-02-03 06:00:00,10.03,0.88,1.86,9.21,3.27
2024-02-03 07:00:00,10.03,8.55,1.47,10.41,8.12
2024-02-03 08:00:00,21.41,8.08,3.44,9.31,6.76
2024-02-03 09:00:00,19.23,8.47,3.8,9.78,3.54
2024-02-03 10:00:00,20.14,9.58,4.09,9.87,2.92
2024-02-03 11:00:00,19.31,6.75,4.61,9.97,3.59
2024-02-03 12:00:00,19.35,9.29,4.3,10.34,6.98
2024-02-03 13:00:00,19.54,8.08,3.57,9.66,7.57
2024-02-03 14:00:00,20.33,7.28,5.24,9.86,3.59
2024-02-03 15:00:00,19.28,6.94,4.13,9.99,2.92
2024-02-03 16:00:00,21.88,7.85,4.64,10.07,3.09
2024-02-03 17:00:00,18.66,8.74,3.92,10.05,8.03
2024-02-03 18:00:00,19.72,7.9,4.27,10.22,6.89
2024-02-03 19:00:00,19.34,9.21,1.75,10.42,2.47
2024-02-03 20:00:00,22.17,6.84,1.87,10.2,3.86
2024-02-03 21:00:00,10.2,7.99,1.82,10.23,2.81
2024-02-03 22:00:00,11.03,7.0,1.76,9.21,3.06
2024-02-03 23:00:00,8.51,1.11,1.41,10.03,3.46
2024-02-04 00:00:00,10.27,1.27,1.33,10.24,2.76
2024-02-04 01:00:00,10.89,0.87,1.6,10.36,2.6
2024-02-04 02:00:00,10.08,0.22,1.78,9.65,3.1
2024-02-04 03:00:00,11.07,1.06,1.43,9.67,2.28
2024-02-04 04:00:00,9.48,1.13,1.82,9.71,2.88
2024-02-04 05:00:00,11.41,1.12,1.94,10.27,3.1
2024-02-04 06:00:00,12.3,1.37,1.23,10.52,2.89
2024-02-04 07:00:00,9.64,7.14,1.25,9.8,5.77
2024-02-04 08:00:00,19.33,8.54,3.93,10.45,8.28
2024-02-04 09:00:00,22.18,8.95,4.15,10.06,3.04
2024-02-04 10:00:00,22.37,6.58,3.74,9.94,3.57
2024-02-04 11:00:00,19.22,8.26,4.68,9.89,2.9
2024-02-04 12:00:00,19.37,7.6,4.21,10.37,6.3
2024-02-04 13:00:00,19.58,7.93,4.02,10.16,7.22
2024-02-04 14:00:00,17.98,8.28,3.28,11.14,2.91
2024-02-04 15:00:00,18.62,7.61,3.34,9.57,2.53
2024-02-04 16:00:00,18.49,7.46,4.14,10.26,3.59
2024-02-04 17:00:00,18.85,8.03,2.93,9.74,6.5
2024-02-04 18:00:00,19.95,7.13,4.51,9.57,5.53
2024-02-04 19:00:00,20.35,7.13,1.45,9.99,3.53
2024-02-04 20:00:00,22.33,8.54,2.47,10.07,2.8
2024-02-04 21:00:00,9.0,7.08,2.19,11.46,2.76
2024-02-04 22:00:00,10.98,8.53,1.45,9.91,2.29
2024-02-04 23:00:00,9.79,1.14,1.47,9.43,3.7
2024-02-05 00:00:00,9.95,10.37,1.8,10.14,2.48
2024-02-05 01:00:00,10.67,9.68,2.01,8.96,3.02
2024-02-05 02:00:00,8.88,10.56,1.01,9.95,3.37
2024-02-05 03:00:00,10.38,9.66,0.96,10.01,3.17
2024-02-05 04:00:00,10.17,10.73,1.31,10.4,2.98
2024-02-05 05:00:00,10.49,9.29,1.67,10.49,2.32
2024-02-05 06:00:00,10.29,10.24,1.65,9.75,2.68
2024-02-05 07:00:00,12.46,17.17,1.82,9.92,7.15
2024-02-05 08:00:00,19.04,7.52,3.4,9.62,6.37
2024-02-05 09:00:00,19.2,9.14,2.84,9.44,3.08
2024-02-05 10:00:00,19.07,9.39,4.43,10.15,3.27
2024-02-05 11:00:00,19.17,8.78,3.59,9.36,3.39
2024-02-05 12:00:00,19.04,8.07,2.99,9.79,6.02
2024-02-05 13:00:00,21.78,7.35,4.07,9.5,8.76
2024-02-05 14:00:00,22.13,7.34,4.4,10.27,3.31
2024-02-05 15:00:00,19.14,8.42,3.94,10.9,3.0
2024-02-05 16:00:00,18.75,8.33,3.77,9.35,3.44
2024-02-05 17:00:00,20.71,9.12,3.92,9.07,8.89
2024-02-05 18:00:00,19.17,8.52,3.81,9.94,5.85
2024-02-05 19:00:00,20.95,6.8,1.1,10.01,2.91
2024-02-05 20:00:00,20.3,8.84,1.29,10.11,2.05
2024-02-05 21:00:00,8.48,7.2,1.66,9.78,3.08
2024-02-05 22:00:00,11.55,7.69,1.6,9.9,3.15
2024-02-05 23:00:00,11.8,1.08,1.55,10.18,2.98
2024-02-06 00:00:00,9.39,1.6,1.2,10.52,2.74
2024-02-06 01:00:00,9.61,1.93,1.45,9.02,2.18
2024-02-06 02:00:00,10.29,1.18,0.85,9.82,3.15
2024-02-06 03:00:00,10.33,0.95,1.55,10.11,3.58
2024-02-06 04:00:00,10.66,1.16,1.93,9.54,2.76
2024-02-06 05:00:00,12.01,1.27,1.06,10.87,3.18
2024-02-06 06:00:00,9.82,0.9,1.32,9.68,2.37
2024-02-06 07:00:00,9.2,9.44,1.6,9.98,7.37
2024-02-06 08:00:00,17.93,8.18,4.63,10.28,6.69
2024-02-06 09:00:00,18.9,8.4,3.78,9.7,2.7
2024-02-06 10:00:00,19.95,8.53,3.65,9.08,2.7
2024-02-06 11:00:00,22.69,8.34,3.02,9.79,2.84
2024-02-06 12:00:00,19.22,8.67,4.05,10.51,7.31
2024-02-06 13:00:00,20.34,7.51,5.02,9.83,5.95
2024-02-06 14:00:00,19.98,7.55,4.14,9.58,2.84
2024-02-06 15:00:00,21.78,7.12,3.99,10.46,2.98
2024-02-06 16:00:00,23.79,8.35,4.16,9.83,2.56
2024-02-06 17:00:00,19.2,8.62,3.99,9.74,8.44
2024-02-06 18:00:00,19.27,8.37,3.59,10.07,6.32
2024-02-06 19:00:00,21.57,9.34,1.75,10.39,2.73
2024-02-06 20:00:00,21.02,8.0,1.57,11.19,2.61
2024-02-06 21:00:00,11.85,8.53,1.51,10.41,3.72
2024-02-06 22:00:00,10.58,7.13,1.21,10.58,3.22
2024-02-06 23:00:00,9.64,0.88,1.89,9.75,2.63
2024-02-07 00:00:00,10.59,1.21,1.7,9.49,3.44
2024-02-07 01:00:00,11.11,1.25,1.33,10.03,3.08
2024-02-07 02:00:00,10.82,0.91,1.8,10.05,3.1
2024-02-07 03:00:00,10.51,0.98,1.35,9.46,2.86
2024-02-07 04:00:00,11.07,0.54,1.27,9.91,2.7
2024-02-07 05:00:00,11.17,0.89,1.27,10.2,3.14
2024-02-07 06:00:00,11.38,1.27,0.97,10.18,2.78
2024-02-07 07:00:00,10.65,8.46,1.64,10.25,8.45
2024-02-07 08:00:00,19.75,8.4,3.08,10.15,5.98
2024-02-07 09:00:00,20.22,8.04,3.39,9.75,3.61
2024-02-07 10:00:00,21.81,8.01,2.96,9.74,2.96
2024-02-07 11:00:00,18.77,7.47,3.96,9.4,3.12
2024-02-07 12:00:00,20.55,8.56,3.92,10.89,7.67
2024-02-07 13:00:00,19.41,8.34,3.84,10.01,6.5
2024-02-07 14:00:00,20.04,8.39,3.48,9.89,3.35
2024-02-07 15:00:00,21.92,7.58,3.41,9.54,1.92
2024-02-07 16:00:00,20.29,6.28,4.23,11.47,2.71
2024-02-07 17:00:00,20.07,8.88,3.72,9.46,6.26
2024-02-07 18:00:00,17.96,7.62,4.16,9.79,6.0
2024-02-07 19:00:00,21.12,7.31,1.23,10.21,2.91
2024-02-07 20:00:00,20.97,8.55,1.55,10.3,3.15
2024-02-07 21:00:00,12.16,7.69,1.89,10.48,3.28
2024-02-07 22:00:00,9.69,8.85,1.68,10.9,3.1
2024-02-07 23:00:00,10.22,1.19,1.38,10.25,2.73
2024-02-08 00:00:00,10.25,1.21,1.58,9.47,3.15
2024-02-08 01:00:00,11.58,0.59,1.43,9.87,3.05
2024-02-08 02:00:00,9.9,1.36,1.5,10.15,3.37
2024-02-08 03:00:00,10.28,1.08,1.4,11.03,3.31
2024-02-08 04:00:00,10.61,0.89,1.45,9.3,3.01
2024-02-08 05:00:00,10.19,1.04,1.56,10.6,2.64
2024-02-08 06:00:00,9.55,0.47,1.2,10.09,2.74
2024-02-08 07:00:00,10.19,8.33,1.2,10.42,6.56
2024-02-08 08:00:00,21.61,7.18,3.31,9.95,6.75
2024-02-08 09:00:00,18.46,6.92,3.2,9.58,3.11
2024-02-08 10:00:00,20.2,6.78,3.39,10.38,3.29
2024-02-08 11:00:00,18.95,8.89,4.08,10.33,2.98
2024-02-08 12:00:00,21.79,7.5,3.55,10.49,7.01
2024-02-08 13:00:00,17.72,9.23,4.26,9.99,7.11
2024-02-08 14:00:00,19.16,7.57,4.02,9.7,2.79
2024-02-08 15:00:00,20.57,6.63,3.02,9.22,2.63
2024-02-08 16:00:00,22.35,7.11,4.33,10.41,2.3
2024-02-08 17:00:00,19.9,8.99,4.41,10.21,6.44
2024-02-08 18:00:00,19.17,7.88,3.5,9.52,7.38
2024-02-08 19:00:00,22.82,7.56,1.63,9.73,2.72
2024-02-08 20:00:00,17.83,8.13,1.24,9.77,2.9
2024-02-08 21:00:00,7.8,8.4,1.53,9.26,3.19
2024-02-08 22:00:00,10.44,8.89,1.12,9.59,3.21
2024-02-08 23:00:00,9.5,1.43,0.96,9.43,2.57
2024-02-09 00:00:00,8.98,0.89,1.39,9.79,3.4
2024-02-09 01:00:00,10.71,0.6,1.46,9.63,3.45
2024-02-09 02:00:00,10.24,0.88,1.38,9.19,2.55
2024-02-09 03:00:00,9.44,1.08,1.14,11.01,2.67
2024-02-09 04:00:00,8.72,0.71,1.38,10.63,3.48
2024-02-09 05:00:00,10.87,0.71,1.58,9.61,2.94
2024-02-09 06:00:00,10.65,1.1,1.49,10.14,2.11
2024-02-09 07:00:00,9.9,7.96,1.55,10.21,5.88
2024-02-09 08:00:00,22.77,8.03,3.66,10.6,6.8
2024-02-09 09:00:00,18.39,7.39,4.59,9.59,2.53
2024-02-09 10:00:00,17.71,7.82,3.41,10.55,2.83
2024-02-09 11:00:00,18.96,7.26,4.24,9.73,3.01
2024-02-09 12:00:00,19.93,8.71,4.59,9.33,8.17
2024-02-09 13:00:00,20.37,8.83,4.24,10.36,6.77
2024-02-09 14:00:00,19.64,6.52,3.9,10.65,3.43
2024-02-09 15:00:00,20.53,7.26,3.74,11.29,3.57
2024-02-09 16:00:00,18.12,6.8,4.52,9.4,3.57
2024-02-09 17:00:00,22.17,7.48,3.29,10.35,7.23
2024-02-09 18:00:00,19.88,7.93,3.51,9.8,5.43
2024-02-09 19:00:00,21.68,6.84,1.38,10.39,3.18
2024-02-09 20:00:00,20.51,7.26,1.87,9.26,3.42
2024-02-09 21:00:00,10.46,7.2,1.61,9.37,2.97
2024-02-09 22:00:00,10.57,8.17,1.21,9.61,3.7
2024-02-09 23:00:00,10.45,1.02,1.41,10.04,3.34
2024-02-10 00:00:00,10.64,0.78,1.32,9.68,3.23
2024-02-10 01:00:00,11.33,1.05,1.29,10.33,3.43
2024-02-10 02:00:00,10.2,0.84,1.79,10.51,3.13
2024-02-10 03:00:00,10.71,0.92,1.09,10.3,2.0
2024-02-10 04:00:00,9.91,1.5,1.98,10.81,2.8
2024-02-10 05:00:00,11.44,1.4,1.75,10.21,3.48
2024-02-10 06:00:00,9.32,0.61,1.83,9.39,2.68
2024-02-10 07:00:00,11.8,8.66,1.36,10.68,6.82
2024-02-10 08:00:00,19.94,8.65,3.93,9.7,6.16
2024-02-10 09:00:00,17.85,7.08,3.28,10.46,3.71
2024-02-10 10:00:00,20.19,8.66,3.74,10.79,3.67
2024-02-10 11:00:00,18.98,9.23,4.25,10.23,2.65
2024-02-10 12:00:00,21.26,7.1,4.65,9.25,7.12
2024-02-10 13:00:00,19.02,7.27,3.45,9.54,6.46
2024-02-10 14:00:00,19.33,8.81,3.82,10.66,3.25
2024-02-10 15:00:00,17.17,8.22,3.92,9.92,3.2
2024-02-10 16:00:00,19.32,8.44,3.3,10.04,3.32
2024-02-10 17:00:00,16.36,8.27,4.3,10.38,7.27
2024-02-10 18:00:00,17.62,8.31,3.64,10.35,9.35
2024-02-10 19:00:00,21.14,6.94,1.44,10.14,2.59
2024-02-10 20:00:00,21.18,8.84,1.36,9.9,2.32
2024-02-10 21:00:00,10.43,8.94,1.26,9.84,2.84
2024-02-10 22:00:00,9.03,7.82,1.5,10.43,2.37
2024-02-10 23:00:00,9.95,0.99,1.44,10.28,2.4
2024-02-11 00:00:00,10.0,0.54,1.39,9.87,2.6
2024-02-11 01:00:00,8.84,1.15,1.28,10.54,2.63
2024-02-11 02:00:00,11.5,1.17,1.6,9.94,2.62
2024-02-11 03:00:00,10.88,0.98,2.0,9.57,3.21
2024-02-11 04:00:00,9.78,1.34,1.54,9.62,2.8
2024-02-11 05:00:00,10.03,0.9,1.8,9.51,2.93
2024-02-11 06:00:00,10.21,1.17,1.08,9.86,3.36
2024-02-11 07:00:00,7.96,7.18,1.55,10.62,6.39
2024-02-11 08:00:00,19.63,7.98,3.45,9.6,6.79
2024-02-11 09:00:00,18.98,7.86,3.26,10.09,3.15
2024-02-11 10:00:00,18.5,8.18,3.63,9.67,2.22
2024-02-11 11:00:00,19.58,7.7,4.6,9.87,2.05
2024-02-11 12:00:00,22.7,7.89,4.48,9.24,7.28
2024-02-11 13:00:00,20.96,8.66,4.12,9.89,7.39
2024-02-11 14:00:00,19.14,7.65,3.23,9.9,3.83
2024-02-11 15:00:00,20.86,6.71,3.9,10.27,3.06
2024-02-11 16:00:00,22.1,9.4,4.15,10.11,3.33
2024-02-11 17:00:00,21.39,9.11,4.09,9.4,6.84
2024-02-11 18:00:00,20.09,6.97,3.08,10.54,7.24
2024-02-11 19:00:00,19.03,8.55,1.23,10.11,3.67
2024-02-11 20:00:00,21.05,7.6,1.48,10.1,2.15
2024-02-11 21:00:00,10.39,8.21,1.66,10.0,3.17
2024-02-11 22:00:00,10.9,8.24,0.84,9.74,3.85
2024-02-11 23:00:00,10.64,0.93,1.45,10.11,3.11
2024-02-12 00:00:00,11.05,0.76,1.54,10.24,3.66
2024-02-12 01:00:00,9.46,0.79,1.75,9.13,2.75
2024-02-12 02:00:00,11.32,0.73,1.71,9.73,2.99
2024-02-12 03:00:00,10.2,0.75,1.67,9.87,3.01
2024-02-12 04:00:00,12.08,0.98,1.26,10.13,2.11
2024-02-12 05:00:00,9.31,0.79,0.93,10.6,2.53
2024-02-12 06:00:00,11.74,1.2,1.38,9.61,2.56
2024-02-12 07:00:00,10.2,9.19,1.8,9.75,7.66
2024-02-12 08:00:00,19.02,7.54,4.7,9.74,7.7
2024-02-12 09:00:00,19.27,8.19,4.36,9.6,3.13
2024-02-12 10:00:00,19.52,8.4,4.21,9.83,3.33
2024-02-12 11:00:00,20.64,8.38,4.19,10.39,2.93
2024-02-12 12:00:00,20.78,8.06,3.72,9.47,7.96
2024-02-12 13:00:00,19.14,8.59,3.93,10.21,7.01
2024-02-12 14:00:00,19.96,8.39,4.83,9.15,3.02
2024-02-12 15:00:00,23.21,7.01,3.53,9.72,2.89
2024-02-12 16:00:00,22.59,8.7,4.81,9.84,3.27
2024-02-12 17:00:00,20.65,8.71,3.84,10.84,6.66
2024-02-12 18:00:00,20.06,7.39,4.66,9.86,7.78
2024-02-12 19:00:00,20.18,8.03,1.08,8.9,2.55
2024-02-12 20:00:00,20.92,8.55,1.68,9.0,2.56
2024-02-12 21:00:00,8.98,7.83,1.28,10.02,3.27
2024-02-12 22:00:00,9.74,8.86,1.08,10.31,2.96
2024-02-12 23:00:00,8.33,1.71,1.57,10.19,2.82
2024-02-13 00:00:00,10.4,0.76,1.8,10.08,3.36
2024-02-13 01:00:00,10.65,0.59,1.25,10.58,2.76
2024-02-13 02:00:00,9.52,1.09,1.05,9.73,2.92
2024-02-13 03:00:00,11.57,1.22,1.47,10.45,3.56
2024-02-13 04:00:00,8.77,0.93,1.47,9.18,3.62
2024-02-13 05:00:00,8.54,1.44,1.66,9.55,3.63
2024-02-13 06:00:00,10.22,0.6,1.78,9.1,2.89
2024-02-13 07:00:00,11.05,8.55,1.48,9.86,7.98
2024-02-13 08:00:00,22.53,7.52,4.93,9.98,6.24
2024-02-13 09:00:00,19.31,9.38,4.11,10.06,2.64
2024-02-13 10:00:00,21.62,9.59,3.83,10.03,2.06
2024-02-13 11:00:00,19.94,7.39,3.19,9.54,3.67
2024-02-13 12:00:00,19.74,7.56,3.87,9.9,6.31
2024-02-13 13:00:00,21.33,8.69,3.83,9.25,6.9
2024-02-13 14:00:00,20.98,7.69,4.48,10.68,2.64
2024-02-13 15:00:00,17.64,7.96,4.23,9.85,3.28
2024-02-13 16:00:00,22.21,8.02,3.41,9.76,2.85
2024-02-13 17:00:00,22.07,6.46,4.09,10.79,5.96
2024-02-13 18:00:00,19.06,7.99,4.34,9.38,7.35
2024-02-13 19:00:00,20.59,7.45,1.96,9.44,2.43
2024-02-13 20:00:00,20.74,7.61,1.77,9.45,2.67
2024-02-13 21:00:00,10.26,9.15,1.73,9.97,2.16
2024-02-13 22:00:00,9.45,6.99,1.52,10.22,2.43
2024-02-13 23:00:00,9.33,1.24,1.62,10.37,3.07
2024-02-14 00:00:00,9.97,0.92,1.87,11.29,2.21
2024-02-14 01:00:00,11.17,0.92,1.1,8.88,2.41
2024-02-14 02:00:00,10.54,1.24,1.4,10.3,3.0
2024-02-14 03:00:00,9.63,1.1,1.27,9.72,2.78
2024-02-14 04:00:00,10.77,1.17,1.61,9.71,3.8
2024-02-14 05:00:00,7.15,1.29,1.87,9.69,3.73
2024-02-14 06:00:00,11.15,0.9,1.32,9.55,2.65
2024-02-14 07:00:00,8.26,7.51,0.78,10.84,7.45
2024-02-14 08:00:00,19.46,7.13,3.79,10.42,7.6
2024-02-14 09:00:00,18.32,7.34,4.46,10.01,2.76
2024-02-14 10:00:00,18.06,10.36,4.27,10.68,2.4
2024-02-14 11:00:00,21.74,9.0,4.21,9.24,3.0
2024-02-14 12:00:00,19.3,6.92,3.86,9.33,6.86
2024-02-14 13:00:00,20.52,6.94,3.36,8.91,6.65
2024-02-14 14:00:00,19.93,8.39,4.26,9.65,3.18
2024-02-14 15:00:00,20.72,8.44,3.58,10.08,2.7
2024-02-14 16:00:00,20.12,8.44,5.09,10.05,2.54
2024-02-14 17:00:00,18.08,7.8,4.29,10.07,7.09
2024-02-14 18:00:00,21.49,7.9,3.71,9.29,7.31
2024-02-14 19:00:00,19.26,8.26,1.32,10.4,2.53
2024-02-14 20:00:00,17.67,8.07,1.47,10.12,3.37
2024-02-14 21:00:00,9.57,6.22,1.43,10.37,2.29
2024-02-14 22:00:00,11.5,7.82,1.84,9.05,2.77
2024-02-14 23:00:00,10.85,0.74,1.56,10.16,2.9
2024-02-15 00:00:00,9.65,1.05,1.28,9.41,11.12
2024-02-15 01:00:00,9.65,1.9,2.07,9.8,10.52
2024-02-15 02:00:00,9.68,1.11,1.51,10.27,12.48
2024-02-15 03:00:00,12.08,0.91,1.73,10.05,11.49
2024-02-15 04:00:00,10.38,1.28,1.32,9.57,10.17
2024-02-15 05:00:00,10.43,1.14,1.61,10.0,10.38
2024-02-15 06:00:00,11.03,1.13,1.59,9.23,3.04
2024-02-15 07:00:00,10.24,8.49,0.93,10.58,7.38
2024-02-15 08:00:00,19.61,9.65,5.01,9.9,9.02
2024-02-15 09:00:00,19.71,7.1,4.65,10.56,2.6
2024-02-15 10:00:00,19.89,8.38,3.8,9.74,2.55
2024-02-15 11:00:00,19.94,7.26,3.45,9.74,2.7
2024-02-15 12:00:00,21.09,8.44,4.17,9.62,7.03
2024-02-15 13:00:00,20.08,7.27,4.04,10.44,5.62
2024-02-15 14:00:00,21.1,7.67,4.18,9.65,3.01
2024-02-15 15:00:00,19.88,7.76,4.1,10.32,3.68
2024-02-15 16:00:00,20.12,8.78,4.25,9.81,3.06
2024-02-15 17:00:00,17.0,8.73,4.72,9.01,6.77
2024-02-15 18:00:00,21.37,7.0,4.28,9.71,6.51
2024-02-15 19:00:00,20.52,8.04,1.19,9.41,3.36
2024-02-15 20:00:00,21.5,7.43,1.91,10.02,2.67
2024-02-15 21:00:00,7.1,6.99,1.99,9.4,3.74
2024-02-15 22:00:00,12.09,7.83,2.45,10.46,3.77
2024-02-15 23:00:00,9.86,0.91,1.16,9.95,3.1
2024-02-16 00:00:00,11.11,1.73,1.57,9.91,3.0
2024-02-16 01:00:00,8.96,1.13,0.88,10.33,3.41
2024-02-16 02:00:00,10.61,0.59,1.67,10.48,3.44
2024-02-16 03:00:00,8.95,0.83,1.34,9.99,2.68
2024-02-16 04:00:00,9.38,1.31,2.08,9.61,2.79
2024-02-16 05:00:00,11.91,1.63,1.27,9.11,2.47
2024-02-16 06:00:00,9.81,0.52,0.99,9.66,3.16
2024-02-16 07:00:00,10.22,6.5,1.36,9.69,7.53
2024-02-16 08:00:00,21.31,9.5,3.01,10.05,5.92
2024-02-16 09:00:00,20.74,8.31,4.38,9.83,2.82
2024-02-16 10:00:00,20.23,7.31,2.97,10.34,2.46
2024-02-16 11:00:00,20.55,8.43,4.01,9.69,2.64
2024-02-16 12:00:00,23.61,5.89,2.96,9.97,7.44
2024-02-16 13:00:00,19.91,8.0,3.84,10.59,6.41
2024-02-16 14:00:00,20.3,8.26,4.82,10.17,2.88
2024-02-16 15:00:00,21.58,8.74,4.18,9.97,2.35
2024-02-16 16:00:00,21.66,7.19,3.57,9.7,3.07
2024-02-16 17:00:00,21.78,8.07,3.98,9.68,6.96
2024-02-16 18:00:00,20.96,7.26,4.01,9.57,6.42
2024-02-16 19:00:00,18.29,8.2,1.64,9.73,2.92
2024-02-16 20:00:00,22.45,7.28,1.09,10.38,3.07
2024-02-16 21:00:00,8.85,7.67,1.68,9.89,2.67
2024-02-16 22:00:00,10.3,7.2,0.69,9.33,2.41
2024-02-16 23:00:00,9.25,1.2,1.31,10.88,3.72
2024-02-17 00:00:00,9.94,1.26,1.35,10.16,2.75
2024-02-17 01:00:00,10.33,0.93,1.69,9.3,2.96
2024-02-17 02:00:00,10.32,1.01,1.51,9.78,3.4
2024-02-17 03:00:00,10.42,0.57,1.08,10.06,4.41
2024-02-17 04:00:00,11.61,0.91,1.2,10.85,2.5
2024-02-17 05:00:00,10.45,0.98,1.56,9.45,3.18
2024-02-17 06:00:00,9.76,1.79,1.48,10.49,2.72
2024-02-17 07:00:00,10.96,7.11,1.33,10.7,6.57
2024-02-17 08:00:00,21.78,9.17,3.76,9.69,6.42
2024-02-17 09:00:00,18.16,8.8,4.35,9.86,2.55
2024-02-17 10:00:00,20.9,8.22,3.74,9.48,2.98
2024-02-17 11:00:00,21.05,9.41,3.96,9.9,2.41
2024-02-17 12:00:00,19.55,8.3,5.08,9.98,7.76
2024-02-17 13:00:00,22.06,8.31,3.29,10.33,7.04
2024-02-17 14:00:00,19.77,7.96,3.07,10.55,3.17
2024-02-17 15:00:00,20.19,8.98,4.39,9.63,2.81
2024-02-17 16:00:00,19.74,8.88,3.66,9.02,2.85
2024-02-17 17:00:00,20.02,7.5,3.84,9.99,7.23
2024-02-17 18:00:00,18.36,6.94,3.61,10.15,6.07
2024-02-17 19:00:00,17.84,7.84,1.42,10.12,2.86
2024-02-17 20:00:00,22.39,7.36,1.98,9.84,2.66
2024-02-17 21:00:00,9.15,7.95,1.74,10.06,2.64
2024-02-17 22:00:00,9.01,8.99,1.76,10.76,2.16
2024-02-17 23:00:00,7.85,0.86,1.08,10.19,3.54
2024-02-18 00:00:00,9.36,0.99,1.15,9.81,2.73
2024-02-18 01:00:00,8.68,1.02,0.65,9.75,3.47
2024-02-18 02:00:00,11.64,1.25,1.26,9.92,3.43
2024-02-18 03:00:00,11.01,0.33,1.79,10.82,2.49
2024-02-18 04:00:00,9.31,0.82,1.66,9.91,2.56
2024-02-18 05:00:00,12.25,1.06,1.43,9.99,4.02
2024-02-18 06:00:00,10.98,1.36,1.49,9.76,3.7
2024-02-18 07:00:00,9.68,7.61,1.29,10.55,6.97
2024-02-18 08:00:00,16.25,6.5,4.1,10.98,7.21
2024-02-18 09:00:00,23.44,8.5,4.38,10.23,2.75
2024-02-18 10:00:00,17.92,7.49,3.19,10.04,3.17
2024-02-18 11:00:00,17.53,7.05,4.15,10.02,2.71
2024-02-18 12:00:00,21.53,7.5,4.47,8.81,5.37
2024-02-18 13:00:00,23.66,7.85,3.79,10.37,5.94
2024-02-18 14:00:00,22.08,7.52,4.35,10.07,3.01
2024-02-18 15:00:00,20.85,6.24,5.41,10.21,2.55
2024-02-18 16:00:00,20.89,8.72,3.95,9.64,2.97
2024-02-18 17:00:00,21.28,9.02,4.2,9.81,6.14
2024-02-18 18:00:00,21.14,8.52,3.63,9.79,6.37
2024-02-18 19:00:00,20.42,7.09,1.55,10.51,3.34
2024-02-18 20:00:00,20.16,7.84,1.64,9.81,3.1
2024-02-18 21:00:00,9.94,7.99,1.56,11.04,3.0
2024-02-18 22:00:00,9.25,8.48,1.19,10.22,3.35
2024-02-18 23:00:00,9.72,1.2,1.56,9.36,3.19
2024-02-19 00:00:00,8.31,0.78,1.94,9.94,3.58
2024-02-19 01:00:00,9.9,1.02,1.63,9.67,2.82
2024-02-19 02:00:00,9.01,1.14,1.79,8.9,2.83
2024-02-19 03:00:00,8.9,1.44,1.43,10.8,2.48
2024-02-19 04:00:00,10.18,1.21,1.72,10.35,2.83
2024-02-19 05:00:00,11.39,1.24,1.58,10.27,3.39
2024-02-19 06:00:00,10.92,1.03,1.21,10.08,3.52
2024-02-19 07:00:00,8.43,9.13,1.6,9.31,7.77
2024-02-19 08:00:00,18.52,8.33,3.5,9.76,5.56
2024-02-19 09:00:00,21.41,7.31,3.68,10.42,3.43
2024-02-19 10:00:00,18.53,9.12,4.09,9.47,2.26
2024-02-19 11:00:00,19.66,8.56,4.15,8.73,3.36
2024-02-19 12:00:00,20.83,7.65,3.41,9.89,6.71
2024-02-19 13:00:00,18.55,7.62,4.53,9.93,7.56
2024-02-19 14:00:00,20.16,8.24,4.29,10.07,2.47
2024-02-19 15:00:00,18.0,8.37,3.65,10.36,3.47
2024-02-19 16:00:00,19.1,8.16,3.23,10.32,2.41
2024-02-19 17:00:00,20.48,8.25,3.93,10.13,6.47
2024-02-19 18:00:00,17.61,9.36,3.78,10.6,6.2
2024-02-19 19:00:00,20.66,8.86,1.53,9.24,2.3
2024-02-19 20:00:00,19.97,8.15,1.39,10.25,3.04
2024-02-19 21:00:00,10.55,8.75,0.9,10.31,3.72
2024-02-19 22:00:00,10.22,7.17,1.38,9.38,4.07
2024-02-19 23:00:00,11.36,1.12,1.41,9.25,3.04
2024-02-20 00:00:00,10.13,1.54,1.69,9.63,3.45
2024-02-20 01:00:00,9.57,0.93,1.29,9.67,3.09
2024-02-20 02:00:00,10.12,0.75,2.0,10.38,3.2
2024-02-20 03:00:00,10.54,0.8,0.93,9.69,2.86
2024-02-20 04:00:00,10.05,0.67,1.89,9.57,3.08
2024-02-20 05:00:00,10.04,0.76,1.43,9.69,3.21
2024-02-20 06:00:00,9.3,0.89,1.76,10.56,2.77
2024-02-20 07:00:00,9.34,6.88,1.52,10.01,6.94
2024-02-20 08:00:00,17.9,8.01,4.57,9.91,6.95
2024-02-20 09:00:00,22.62,8.72,3.81,9.94,3.33
2024-02-20 10:00:00,18.13,7.27,3.45,10.65,2.57
2024-02-20 11:00:00,18.96,9.22,4.71,9.63,2.98
2024-02-20 12:00:00,18.92,8.41,3.94,10.66,8.53
2024-02-20 13:00:00,21.34,8.82,4.11,10.11,7.93
2024-02-20 14:00:00,19.56,7.47,4.62,9.92,3.54
2024-02-20 15:00:00,21.87,8.68,3.48,11.25,3.01
2024-02-20 16:00:00,18.99,7.13,4.3,9.47,3.13
2024-02-20 17:00:00,20.42,8.71,3.71,9.82,7.8
2024-02-20 18:00:00,18.75,8.14,3.93,9.38,8.25
2024-02-20 19:00:00,23.22,8.44,1.52,10.48,2.22
2024-02-20 20:00:00,18.22,7.06,1.05,10.84,2.47
2024-02-20 21:00:00,10.31,7.28,1.27,10.83,3.52
2024-02-20 22:00:00,10.63,8.48,1.91,10.61,2.89
2024-02-20 23:00:00,10.41,0.72,1.77,9.9,2.73
2024-02-21 00:00:00,9.81,1.14,1.48,9.82,2.5
2024-02-21 01:00:00,9.87,0.59,1.57,9.16,2.78
2024-02-21 02:00:00,10.04,1.25,1.41,11.02,2.44
2024-02-21 03:00:00,9.85,0.63,1.91,10.23,3.84
2024-02-21 04:00:00,10.96,1.17,1.44,9.75,2.99
2024-02-21 05:00:00,12.21,1.19,1.57,10.66,2.98
2024-02-21 06:00:00,9.44,0.79,1.84,9.51,3.24
2024-02-21 07:00:00,8.63,8.47,1.27,10.2,7.77
2024-02-21 08:00:00,19.87,8.21,4.78,9.91,7.76
2024-02-21 09:00:00,23.87,7.57,3.23,10.32,3.43
2024-02-21 10:00:00,18.79,7.19,4.81,9.97,2.75
2024-02-21 11:00:00,22.46,6.43,3.81,9.27,2.88
2024-02-21 12:00:00,22.52,8.28,3.88,10.04,7.62
2024-02-21 13:00:00,19.17,6.75,3.05,10.52,6.58
2024-02-21 14:00:00,20.85,8.08,3.77,9.99,3.0
2024-02-21 15:00:00,22.44,7.79,3.48,10.39,3.16
2024-02-21 16:00:00,19.43,8.54,3.7,9.48,3.31
2024-02-21 17:00:00,19.69,7.76,3.93,9.99,5.58
2024-02-21 18:00:00,19.13,7.74,4.48,9.69,7.57
2024-02-21 19:00:00,18.48,8.59,1.56,10.37,2.91
2024-02-21 20:00:00,19.03,8.27,1.59,10.02,3.28
2024-02-21 21:00:00,8.78,8.25,1.17,10.35,3.31
2024-02-21 22:00:00,10.03,8.38,1.24,10.54,3.64
2024-02-21 23:00:00,9.23,0.54,2.04,10.35,3.54
2024-02-22 00:00:00,10.23,1.23,1.28,10.14,3.54
2024-02-22 01:00:00,8.44,1.18,2.0,9.5,3.58
2024-02-22 02:00:00,10.33,0.69,1.43,10.0,3.12
2024-02-22 03:00:00,10.83,0.93,1.5,9.73,3.01
2024-02-22 04:00:00,8.01,0.99,1.82,9.83,3.35
2024-02-22 05:00:00,10.37,0.96,1.88,9.81,3.29
2024-02-22 06:00:00,11.23,1.1,1.47,9.51,2.88
2024-02-22 07:00:00,8.79,9.15,1.38,9.02,7.32
2024-02-22 08:00:00,22.51,8.87,3.97,9.67,6.97
2024-02-22 09:00:00,20.63,6.95,4.17,10.1,2.66
2024-02-22 10:00:00,18.94,8.5,4.45,9.33,3.52
2024-02-22 11:00:00,19.92,9.06,4.0,10.01,3.02
2024-02-22 12:00:00,20.84,8.31,4.31,10.95,8.64
2024-02-22 13:00:00,20.11,8.87,4.82,10.51,5.7
2024-02-22 14:00:00,20.81,9.61,4.19,10.82,2.78
2024-02-22 15:00:00,18.62,8.82,4.16,10.2,3.01
2024-02-22 16:00:00,20.25,8.2,3.24,10.58,3.45
2024-02-22 17:00:00,17.88,8.84,2.68,9.64,7.32
2024-02-22 18:00:00,19.83,8.12,4.19,9.68,7.25
2024-02-22 19:00:00,18.64,8.02,1.47,8.63,2.55
2024-02-22 20:00:00,18.9,7.72,1.35,10.59,2.54
2024-02-22 21:00:00,11.24,9.25,1.57,10.77,3.13
2024-02-22 22:00:00,11.09,7.35,1.48,9.72,2.45
2024-02-22 23:00:00,10.61,1.46,1.84,9.87,2.79
2024-02-23 00:00:00,8.91,1.15,1.53,9.62,3.2
2024-02-23 01:00:00,9.68,0.58,1.28,10.19,2.61
2024-02-23 02:00:00,11.21,1.11,1.8,10.56,3.64
2024-02-23 03:00:00,10.14,0.37,1.43,9.13,3.49
2024-02-23 04:00:00,12.32,1.19,1.66,10.2,2.37
2024-02-23 05:00:00,10.39,1.27,1.36,9.86,2.63
2024-02-23 06:00:00,10.19,0.82,1.31,10.06,2.09
2024-02-23 07:00:00,9.69,8.1,1.53,10.23,6.37
2024-02-23 08:00:00,20.2,9.56,4.01,9.91,7.61
2024-02-23 09:00:00,19.77,7.6,4.24,9.95,2.83
2024-02-23 10:00:00,21.06,7.15,3.87,9.89,3.18
2024-02-23 11:00:00,21.44,9.19,3.08,10.49,2.39
2024-02-23 12:00:00,18.82,9.57,3.78,10.21,7.64
2024-02-23 13:00:00,18.0,8.0,4.4,10.11,6.56
2024-02-23 14:00:00,17.25,8.81,3.85,9.36,3.0
2024-02-23 15:00:00,20.76,9.07,3.88,9.81,2.96
2024-02-23 16:00:00,18.34,7.41,4.49,10.45,2.49
2024-02-23 17:00:00,16.77,7.61,3.64,10.02,6.08
2024-02-23 18:00:00,20.58,8.98,3.23,10.33,7.77
2024-02-23 19:00:00,23.74,9.35,1.45,10.88,3.16
2024-02-23 20:00:00,19.99,8.45,1.35,10.52,3.42
2024-02-23 21:00:00,10.84,7.3,1.21,10.05,3.13
2024-02-23 22:00:00,10.08,9.59,1.45,9.74,3.06
2024-02-23 23:00:00,9.9,0.84,1.65,8.72,2.31
2024-02-24 00:00:00,10.92,0.9,1.5,9.92,2.89
2024-02-24 01:00:00,9.71,1.1,1.59,9.84,2.99
2024-02-24 02:00:00,10.27,1.47,2.04,10.2,3.78
2024-02-24 03:00:00,10.32,1.26,1.4,9.92,3.27
2024-02-24 04:00:00,9.33,1.12,1.58,9.84,3.61
2024-02-24 05:00:00,10.99,1.14,1.35,9.11,3.24
2024-02-24 06:00:00,9.83,1.01,1.25,9.53,2.72
2024-02-24 07:00:00,9.24,8.45,1.32,10.24,7.09
2024-02-24 08:00:00,20.8,5.98,3.76,10.86,7.19
2024-02-24 09:00:00,18.65,7.76,4.18,9.95,2.62
2024-02-24 10:00:00,20.04,8.19,5.17,10.16,2.85
2024-02-24 11:00:00,19.99,7.08,3.64,10.48,2.92
2024-02-24 12:00:00,21.63,8.31,3.79,9.59,8.28
2024-02-24 13:00:00,20.71,7.84,3.97,10.18,5.34
2024-02-24 14:00:00,19.96,9.4,4.2,9.63,3.48
2024-02-24 15:00:00,21.23,9.26,4.13,10.43,2.63
2024-02-24 16:00:00,22.09,7.63,4.64,10.08,2.45
2024-02-24 17:00:00,20.84,7.88,2.79,10.15,7.94
2024-02-24 18:00:00,20.02,7.94,2.81,9.61,7.59
2024-02-24 19:00:00,18.03,7.64,1.35,10.35,3.5
2024-02-24 20:00:00,18.4,8.16,1.83,11.04,3.32
2024-02-24 21:00:00,9.69,7.39,1.03,9.5,3.82
2024-02-24 22:00:00,9.39,7.1,0.6,9.83,3.22
2024-02-24 23:00:00,9.81,1.19,1.67,10.12,2.94
2024-02-25 00:00:00,10.06,1.19,1.57,10.39,3.14
2024-02-25 01:00:00,10.53,0.76,1.17,9.72,3.5
2024-02-25 02:00:00,9.93,1.27,1.2,8.58,2.69
2024-02-25 03:00:00,10.49,0.81,1.21,10.68,2.74
2024-02-25 04:00:00,10.06,1.08,1.53,10.38,2.88
2024-02-25 05:00:00,8.02,1.25,1.31,9.13,2.16
2024-02-25 06:00:00,9.06,0.99,1.65,9.7,3.06
2024-02-25 07:00:00,9.86,8.36,0.64,10.78,5.49
2024-02-25 08:00:00,18.19,7.59,3.57,10.72,7.04
2024-02-25 09:00:00,20.9,7.84,3.44,10.47,3.35
2024-02-25 10:00:00,22.3,7.84,3.87,9.91,2.81
2024-02-25 11:00:00,21.83,7.4,3.73,10.04,3.67
2024-02-25 12:00:00,19.68,7.86,4.4,9.93,5.83
2024-02-25 13:00:00,22.24,6.76,3.07,10.56,7.95
2024-02-25 14:00:00,20.22,7.61,4.02,9.56,3.27
2024-02-25 15:00:00,19.49,7.77,4.28,9.6,2.31
2024-02-25 16:00:00,19.08,7.8,4.93,10.51,4.08
2024-02-25 17:00:00,19.55,7.81,3.76,9.98,6.95
2024-02-25 18:00:00,19.42,7.95,4.16,10.69,6.3
2024-02-25 19:00:00,20.26,8.38,0.96,9.66,2.44
2024-02-25 20:00:00,20.24,8.7,0.78,9.97,2.91
2024-02-25 21:00:00,10.0,7.48,1.75,9.54,2.95
2024-02-25 22:00:00,10.44,7.04,1.5,10.0,3.04
2024-02-25 23:00:00,11.19,0.69,1.85,9.26,2.88
2024-02-26 00:00:00,10.95,0.85,1.09,9.76,3.25
2024-02-26 01:00:00,8.52,0.89,1.66,9.28,2.84
2024-02-26 02:00:00,7.45,0.77,2.06,10.35,2.23
2024-02-26 03:00:00,10.93,0.61,1.63,10.36,2.94
2024-02-26 04:00:00,8.63,0.86,1.58,9.13,2.05
2024-02-26 05:00:00,9.78,1.05,1.5,10.67,3.14
2024-02-26 06:00:00,8.83,1.18,1.03,11.25,2.61
2024-02-26 07:00:00,8.2,7.55,1.91,10.02,7.13
2024-02-26 08:00:00,20.81,7.67,3.69,9.68,8.05
2024-02-26 09:00:00,21.14,7.26,4.25,11.41,2.62
2024-02-26 10:00:00,19.14,7.97,3.22,9.34,3.42
2024-02-26 11:00:00,16.11,7.32,3.41,10.01,2.83
2024-02-26 12:00:00,19.18,8.46,4.72,10.09,8.4
2024-02-26 13:00:00,20.59,6.57,3.83,10.67,6.71
2024-02-26 14:00:00,17.78,7.71,4.73,10.18,2.66
2024-02-26 15:00:00,20.28,8.24,3.96,9.75,3.27
2024-02-26 16:00:00,19.98,8.15,3.08,9.52,2.83
2024-02-26 17:00:00,20.87,10.15,4.45,9.83,6.33
2024-02-26 18:00:00,20.18,8.28,3.71,9.5,6.62
2024-02-26 19:00:00,18.54,7.2,1.71,10.02,2.98
2024-02-26 20:00:00,21.79,7.92,1.51,9.72,3.54
2024-02-26 21:00:00,9.84,6.58,1.04,9.25,2.23
2024-02-26 22:00:00,9.97,7.94,1.55,10.63,3.01
2024-02-26 23:00:00,9.07,0.75,2.16,9.75,3.25
2024-02-27 00:00:00,9.56,1.27,1.65,9.37,3.08
2024-02-27 01:00:00,9.12,0.84,1.48,9.92,3.52
2024-02-27 02:00:00,9.83,0.96,1.82,10.03,2.97
2024-02-27 03:00:00,11.71,0.81,1.56,9.13,2.93
2024-02-27 04:00:00,8.63,1.52,1.56,10.17,3.24
2024-02-27 05:00:00,8.39,0.9,1.17,9.48,3.04
2024-02-27 06:00:00,11.47,1.55,1.57,10.86,2.84
2024-02-27 07:00:00,9.79,8.65,1.81,10.26,7.41
2024-02-27 08:00:00,19.0,8.39,3.58,9.8,6.48
2024-02-27 09:00:00,21.56,8.29,4.71,9.63,2.76
2024-02-27 10:00:00,19.09,8.32,3.95,9.95,2.79
2024-02-27 11:00:00,22.74,6.46,3.56,10.31,3.54
2024-02-27 12:00:00,21.02,7.78,4.5,9.99,4.42
2024-02-27 13:00:00,19.27,8.68,3.86,9.89,7.32
2024-02-27 14:00:00,23.24,7.96,4.38,10.03,3.01
2024-02-27 15:00:00,19.09,6.88,3.85,9.7,2.33
2024-02-27 16:00:00,21.11,7.96,3.97,9.83,3.12
2024-02-27 17:00:00,20.45,9.36,4.25,8.96,7.38
2024-02-27 18:00:00,21.95,9.0,4.15,10.49,7.47
2024-02-27 19:00:00,22.34,7.95,0.9,10.15,1.94
2024-02-27 20:00:00,20.05,8.76,1.16,9.61,3.55
2024-02-27 21:00:00,9.25,7.71,1.78,10.95,2.7
2024-02-27 22:00:00,10.46,6.64,1.46,10.04,3.27
2024-02-27 23:00:00,9.32,0.72,1.34,9.48,3.3
2024-02-28 00:00:00,12.01,1.47,1.09,10.43,2.65
2024-02-28 01:00:00,10.14,0.92,1.18,10.2,3.26
2024-02-28 02:00:00,9.63,0.93,0.89,10.2,2.85
2024-02-28 03:00:00,10.18,0.91,1.47,9.79,2.17
2024-02-28 04:00:00,8.65,1.57,1.32,10.23,3.47
2024-02-28 05:00:00,9.03,1.49,1.21,9.87,2.69
2024-02-28 06:00:00,11.2,1.67,1.48,10.28,2.66
2024-02-28 07:00:00,9.34,7.87,1.61,9.05,6.68
2024-02-28 08:00:00,18.43,8.24,5.05,9.78,7.22
2024-02-28 09:00:00,20.8,6.79,3.24,10.86,2.98
2024-02-28 10:00:00,21.78,9.18,4.58,9.62,3.22
2024-02-28 11:00:00,21.08,7.07,4.49,9.7,2.46
2024-02-28 12:00:00,21.49,8.17,3.61,9.78,6.41
2024-02-28 13:00:00,18.86,7.12,4.1,9.39,6.91
2024-02-28 14:00:00,17.87,7.53,3.77,8.9,3.76
2024-02-28 15:00:00,22.25,7.33,4.09,9.88,2.95
2024-02-28 16:00:00,19.52,7.51,4.75,10.07,3.43
2024-02-28 17:00:00,19.62,7.57,4.3,9.97,7.03
2024-02-28 18:00:00,21.99,7.56,4.25,9.93,6.61
2024-02-28 19:00:00,20.83,8.67,1.37,10.02,2.9
2024-02-28 20:00:00,20.68,7.12,1.05,10.51,2.93
2024-02-28 21:00:00,12.17,8.18,1.44,9.9,3.24
2024-02-28 22:00:00,9.36,8.97,1.86,9.71,3.55
2024-02-28 23:00:00,10.93,0.85,1.04,9.86,3.14
2024-02-29 00:00:00,10.06,0.78,1.18,10.29,3.47
2024-02-29 01:00:00,10.27,0.93,1.54,10.71,2.61
2024-02-29 02:00:00,11.53,1.35,1.2,9.69,2.83
2024-02-29 03:00:00,10.51,1.06,1.26,10.05,2.71
2024-02-29 04:00:00,10.54,0.84,1.37,10.17,3.13
2024-02-29 05:00:00,11.07,1.15,1.09,9.5,2.86
2024-02-29 06:00:00,9.64,0.67,1.21,10.01,3.29
2024-02-29 07:00:00,9.16,8.55,1.71,9.27,6.26
2024-02-29 08:00:00,18.43,8.33,3.35,9.12,7.03
2024-02-29 09:00:00,17.05,7.75,3.2,10.18,3.27
2024-02-29 10:00:00,23.08,7.33,3.68,9.81,2.17
2024-02-29 11:00:00,18.35,7.29,4.37,10.1,3.85
2024-02-29 12:00:00,19.67,8.43,3.9,9.99,6.77
2024-02-29 13:00:00,19.58,8.98,3.77,9.51,5.38
2024-02-29 14:00:00,20.46,7.49,4.02,9.98,3.06
2024-02-29 15:00:00,21.22,8.37,3.13,9.38,3.01
2024-02-29 16:00:00,21.29,6.33,4.25,10.7,2.97
2024-02-29 17:00:00,19.13,7.53,4.19,9.32,7.79
2024-02-29 18:00:00,19.75,7.98,3.8,9.9,7.6
2024-02-29 19:00:00,20.42,7.27,1.8,9.48,3.12
2024-02-29 20:00:00,19.63,7.25,1.16,10.29,3.18
2024-02-29 21:00:00,11.61,7.47,1.84,9.83,2.96
2024-02-29 22:00:00,10.49,8.23,1.55,9.74,3.71
2024-02-29 23:00:00,10.73,0.94,1.4,10.43,2.41
